timestamp, light1, light2, light3, UUID 
1497864934933,115680,5622,115680,,80ec3f676e17debf
1497864935109,119723,5644,119723,,80ec3f676e17debf
1497864935109,119723,5644,119723,,80ec3f676e17debf
1497864935649,114903,5624,114903,,80ec3f676e17debf
1497864935833,110564,5626,110564,,80ec3f676e17debf
1497864935833,110564,5626,110564,,80ec3f676e17debf
1497864936009,110136,5638,110136,,80ec3f676e17debf
1497864936009,110136,5638,110136,,80ec3f676e17debf
1497864936197,109774,5692,109774,,80ec3f676e17debf
1497864936197,109774,5692,109774,,80ec3f676e17debf
1497864936374,111605,5744,111605,,80ec3f676e17debf
1497864936558,110766,5899,110766,,80ec3f676e17debf
1497864936730,108269,5936,108269,,80ec3f676e17debf
1497864936921,108704,5948,108704,,80ec3f676e17debf
1497864936921,108704,5948,108704,,80ec3f676e17debf
1497864937090,109533,5919,109533,,80ec3f676e17debf
1497864937090,109533,5919,109533,,80ec3f676e17debf
1497864937276,111558,5964,111558,,80ec3f676e17debf
1497864937449,114586,5692,114586,,80ec3f676e17debf
1497864937449,114586,5692,114586,,80ec3f676e17debf
1497864937629,111834,5856,111834,,80ec3f676e17debf
1497864937629,111834,5856,111834,,80ec3f676e17debf
1497864937810,110646,5964,110646,,80ec3f676e17debf
1497864937810,110646,5964,110646,,80ec3f676e17debf
1497864937990,107397,6021,107397,,80ec3f676e17debf
1497864937990,107397,6021,107397,,80ec3f676e17debf
1497864938169,109717,5939,109717,,80ec3f676e17debf
1497864938349,112882,5724,112882,,80ec3f676e17debf
1497864938349,112882,5724,112882,,80ec3f676e17debf
1497864938531,116480,5592,116480,,80ec3f676e17debf
1497864938531,116480,5592,116480,,80ec3f676e17debf
1497864938711,115899,5652,115899,,80ec3f676e17debf
1497864938711,115899,5652,115899,,80ec3f676e17debf
1497864938889,110270,5779,110270,,80ec3f676e17debf
1497864938889,110270,5779,110270,,80ec3f676e17debf
1497864939074,112853,5727,112853,,80ec3f676e17debf
1497864939074,112853,5727,112853,,80ec3f676e17debf
1497864939249,109865,5721,109865,,80ec3f676e17debf
1497864939429,110220,5748,110220,,80ec3f676e17debf
1497864939429,110220,5748,110220,,80ec3f676e17debf
1497864939609,113202,5655,113202,,80ec3f676e17debf
1497864939609,113202,5655,113202,,80ec3f676e17debf
1497864939796,110377,5786,110377,,80ec3f676e17debf
1497864939796,110377,5786,110377,,80ec3f676e17debf
1497864939969,109372,5871,109372,,80ec3f676e17debf
1497864940152,107476,5962,107476,,80ec3f676e17debf
1497864940152,107476,5962,107476,,80ec3f676e17debf
1497864940330,108548,5977,108548,,80ec3f676e17debf
1497864940510,111043,5915,111043,,80ec3f676e17debf
1497864940691,113068,5719,113068,,80ec3f676e17debf
1497864940691,113068,5719,113068,,80ec3f676e17debf
1497864940870,114160,5678,114160,,80ec3f676e17debf
1497864940870,114160,5678,114160,,80ec3f676e17debf
1497864941050,116390,5660,116390,,80ec3f676e17debf
1497864941230,109480,5862,109480,,80ec3f676e17debf
1497864941230,109480,5862,109480,,80ec3f676e17debf
1497864941415,107133,5998,107133,,80ec3f676e17debf
1497864941415,107133,5998,107133,,80ec3f676e17debf
1497864941589,103815,5928,103815,,80ec3f676e17debf
1497864941589,103815,5928,103815,,80ec3f676e17debf
1497864941770,107306,5999,107306,,80ec3f676e17debf
1497864941949,111358,5749,111358,,80ec3f676e17debf
1497864941949,111358,5749,111358,,80ec3f676e17debf
1497864942130,111955,5737,111955,,80ec3f676e17debf
1497864942130,111955,5737,111955,,80ec3f676e17debf
1497864942309,110110,5805,110110,,80ec3f676e17debf
1497864942309,110110,5805,110110,,80ec3f676e17debf
1497864942491,108610,5927,108610,,80ec3f676e17debf
1497864942491,108610,5927,108610,,80ec3f676e17debf
1497864942670,108895,5918,108895,,80ec3f676e17debf
1497864942849,103619,5891,103619,,80ec3f676e17debf
1497864942849,103619,5891,103619,,80ec3f676e17debf
1497864943029,110919,5881,110919,,80ec3f676e17debf
1497864943029,110919,5881,110919,,80ec3f676e17debf
1497864943209,111042,5849,111042,,80ec3f676e17debf
1497864943209,111042,5849,111042,,80ec3f676e17debf
1497864943389,109404,5752,109404,,80ec3f676e17debf
1497864943389,109404,5752,109404,,80ec3f676e17debf
1497864943569,110204,5850,110204,,80ec3f676e17debf
1497864943750,108453,5878,108453,,80ec3f676e17debf
1497864943750,108453,5878,108453,,80ec3f676e17debf
1497864943929,108516,5792,108516,,80ec3f676e17debf
1497864943929,108516,5792,108516,,80ec3f676e17debf
1497864944109,108104,5790,108104,,80ec3f676e17debf
1497864944109,108104,5790,108104,,80ec3f676e17debf
1497864944289,108852,5709,108852,,80ec3f676e17debf
1497864944289,108852,5709,108852,,80ec3f676e17debf
1497864944475,111949,5633,111949,,80ec3f676e17debf
1497864944475,111949,5633,111949,,80ec3f676e17debf
1497864944651,109849,5674,109849,,80ec3f676e17debf
1497864944845,108667,5833,108667,,80ec3f676e17debf
1497864944845,108667,5833,108667,,80ec3f676e17debf
1497864945010,105690,5796,105690,,80ec3f676e17debf
1497864945010,105690,5796,105690,,80ec3f676e17debf
1497864945189,4492,6437,4492,,80ec3f676e17debf
1497864945189,4492,6437,4492,,80ec3f676e17debf
1497864945371,4109,6319,4109,,80ec3f676e17debf
1497864945550,3944,6371,3944,,80ec3f676e17debf
1497864945550,3944,6371,3944,,80ec3f676e17debf
1497864945736,3808,6290,3808,,80ec3f676e17debf
1497864945736,3808,6290,3808,,80ec3f676e17debf
1497864945909,3478,6114,3478,,80ec3f676e17debf
1497864945909,3478,6114,3478,,80ec3f676e17debf
1497864946090,3345,6152,3345,,80ec3f676e17debf
1497864946090,3345,6152,3345,,80ec3f676e17debf
1497864946271,3187,6106,3187,,80ec3f676e17debf
1497864946271,3187,6106,3187,,80ec3f676e17debf
1497864946449,3024,6012,3024,,80ec3f676e17debf
1497864946635,2826,5852,2826,,80ec3f676e17debf
1497864946635,2826,5852,2826,,80ec3f676e17debf
1497864946809,2786,5849,2786,,80ec3f676e17debf
1497864946990,2593,5613,2593,,80ec3f676e17debf
1497864946990,2593,5613,2593,,80ec3f676e17debf
1497864947171,2422,5431,2422,,80ec3f676e17debf
1497864947171,2422,5431,2422,,80ec3f676e17debf
1497864947350,2391,5412,2391,,80ec3f676e17debf
1497864947540,2362,5402,2362,,80ec3f676e17debf
1497864947540,2362,5402,2362,,80ec3f676e17debf
1497864947709,2282,5273,2282,,80ec3f676e17debf
1497864947709,2282,5273,2282,,80ec3f676e17debf
1497864947890,2401,5470,2401,,80ec3f676e17debf
1497864947890,2401,5470,2401,,80ec3f676e17debf
1497864948069,2245,5320,2245,,80ec3f676e17debf
1497864948069,2245,5320,2245,,80ec3f676e17debf
1497864948250,2110,5157,2110,,80ec3f676e17debf
1497864948429,2275,5422,2275,,80ec3f676e17debf
1497864948429,2275,5422,2275,,80ec3f676e17debf
1497864948609,2087,5185,2087,,80ec3f676e17debf
1497864948609,2087,5185,2087,,80ec3f676e17debf
1497864948791,2088,5238,2088,,80ec3f676e17debf
1497864948791,2088,5238,2088,,80ec3f676e17debf
1497864948973,2098,5345,2098,,80ec3f676e17debf
1497864949330,1931,5257,1931,,80ec3f676e17debf
1497864949330,1931,5257,1931,,80ec3f676e17debf
1497864949510,1852,5203,1852,,80ec3f676e17debf
1497864949510,1852,5203,1852,,80ec3f676e17debf
1497864949690,1732,5064,1732,,80ec3f676e17debf
1497864949690,1732,5064,1732,,80ec3f676e17debf
1497864949874,1804,5283,1804,,80ec3f676e17debf
1497864950049,1691,5144,1691,,80ec3f676e17debf
1497864950049,1691,5144,1691,,80ec3f676e17debf
1497864950232,1737,5264,1737,,80ec3f676e17debf
1497864950232,1737,5264,1737,,80ec3f676e17debf
1497864950410,1680,5219,1680,,80ec3f676e17debf
1497864950410,1680,5219,1680,,80ec3f676e17debf
1497864950590,1508,5026,1508,,80ec3f676e17debf
1497864950590,1508,5026,1508,,80ec3f676e17debf
1497864950770,1595,5250,1595,,80ec3f676e17debf
1497864950954,1483,5134,1483,,80ec3f676e17debf
1497864950954,1483,5134,1483,,80ec3f676e17debf
1497864951130,1430,5079,1430,,80ec3f676e17debf
1497864951130,1430,5079,1430,,80ec3f676e17debf
1497864951311,1506,5285,1506,,80ec3f676e17debf
1497864951311,1506,5285,1506,,80ec3f676e17debf
1497864951491,1391,5101,1391,,80ec3f676e17debf
1497864951491,1391,5101,1391,,80ec3f676e17debf
1497864951671,1360,5093,1360,,80ec3f676e17debf
1497864951671,1360,5093,1360,,80ec3f676e17debf
1497864951849,1351,5139,1351,,80ec3f676e17debf
1497864952029,1190,4926,1190,,80ec3f676e17debf
1497864952029,1190,4926,1190,,80ec3f676e17debf
1497864952210,1220,5040,1220,,80ec3f676e17debf
1497864952210,1220,5040,1220,,80ec3f676e17debf
1497864952390,1150,4963,1150,,80ec3f676e17debf
1497864952390,1150,4963,1150,,80ec3f676e17debf
1497864952572,1079,4914,1079,,80ec3f676e17debf
1497864952750,1111,4985,1111,,80ec3f676e17debf
1497864952750,1111,4985,1111,,80ec3f676e17debf
1497864952949,1070,4968,1070,,80ec3f676e17debf
1497864952949,1070,4968,1070,,80ec3f676e17debf
1497864953110,1032,4952,1032,,80ec3f676e17debf
1497864953110,1032,4952,1032,,80ec3f676e17debf
1497864953290,1102,5077,1102,,80ec3f676e17debf
1497864953290,1102,5077,1102,,80ec3f676e17debf
1497864953474,1030,5011,1030,,80ec3f676e17debf
1497864953474,1030,5011,1030,,80ec3f676e17debf
1497864953650,960,4940,960,,80ec3f676e17debf
1497864953831,990,4974,990,,80ec3f676e17debf
1497864953831,990,4974,990,,80ec3f676e17debf
1497864954012,967,4986,967,,80ec3f676e17debf
1497864954012,967,4986,967,,80ec3f676e17debf
1497864954190,900,4933,900,,80ec3f676e17debf
1497864954190,900,4933,900,,80ec3f676e17debf
1497864954376,929,5014,929,,80ec3f676e17debf
1497864954550,951,5090,951,,80ec3f676e17debf
1497864954550,951,5090,951,,80ec3f676e17debf
1497864954730,890,5045,890,,80ec3f676e17debf
1497864954730,890,5045,890,,80ec3f676e17debf
1497864954911,913,5124,913,,80ec3f676e17debf
1497864954911,913,5124,913,,80ec3f676e17debf
1497864955096,909,5124,909,,80ec3f676e17debf
1497864955096,909,5124,909,,80ec3f676e17debf
1497864955271,816,5039,816,,80ec3f676e17debf
1497864955450,789,5107,789,,80ec3f676e17debf
1497864955450,789,5107,789,,80ec3f676e17debf
1497864955632,791,5247,791,,80ec3f676e17debf
1497864955632,791,5247,791,,80ec3f676e17debf
1497864955810,744,5206,744,,80ec3f676e17debf
1497864955810,744,5206,744,,80ec3f676e17debf
1497864955990,704,5226,704,,80ec3f676e17debf
1497864955990,704,5226,704,,80ec3f676e17debf
1497864956174,683,5155,683,,80ec3f676e17debf
1497864956174,683,5155,683,,80ec3f676e17debf
1497864956353,699,5130,699,,80ec3f676e17debf
1497864956544,676,5153,676,,80ec3f676e17debf
1497864956544,676,5153,676,,80ec3f676e17debf
1497864956710,645,5140,645,,80ec3f676e17debf
1497864956710,645,5140,645,,80ec3f676e17debf
1497864956890,664,5182,664,,80ec3f676e17debf
1497864956890,664,5182,664,,80ec3f676e17debf
1497864957071,614,5126,614,,80ec3f676e17debf
1497864957257,562,5101,562,,80ec3f676e17debf
1497864957257,562,5101,562,,80ec3f676e17debf
1497864957431,598,5155,598,,80ec3f676e17debf
1497864957431,598,5155,598,,80ec3f676e17debf
1497864957613,584,5225,584,,80ec3f676e17debf
1497864957613,584,5225,584,,80ec3f676e17debf
1497864957791,551,5173,551,,80ec3f676e17debf
1497864957791,551,5173,551,,80ec3f676e17debf
1497864957973,577,5223,577,,80ec3f676e17debf
1497864957973,577,5223,577,,80ec3f676e17debf
1497864958152,568,5259,568,,80ec3f676e17debf
1497864958334,537,5250,537,,80ec3f676e17debf
1497864958334,537,5250,537,,80ec3f676e17debf
1497864958510,548,5254,548,,80ec3f676e17debf
1497864958510,548,5254,548,,80ec3f676e17debf
1497864958691,539,5293,539,,80ec3f676e17debf
1497864958691,539,5293,539,,80ec3f676e17debf
1497864958874,523,5333,523,,80ec3f676e17debf
1497864959051,551,5422,551,,80ec3f676e17debf
1497864959051,551,5422,551,,80ec3f676e17debf
1497864959230,520,5422,520,,80ec3f676e17debf
1497864959230,520,5422,520,,80ec3f676e17debf
1497864959414,481,5422,481,,80ec3f676e17debf
1497864959414,481,5422,481,,80ec3f676e17debf
1497864959593,514,5468,514,,80ec3f676e17debf
1497864959593,514,5468,514,,80ec3f676e17debf
1497864959770,505,5516,505,,80ec3f676e17debf
1497864959770,505,5516,505,,80ec3f676e17debf
1497864959950,474,5523,474,,80ec3f676e17debf
1497864960130,469,5575,469,,80ec3f676e17debf
1497864960130,469,5575,469,,80ec3f676e17debf
1497864960310,435,5477,435,,80ec3f676e17debf
1497864960310,435,5477,435,,80ec3f676e17debf
1497864960490,386,5361,386,,80ec3f676e17debf
1497864960490,386,5361,386,,80ec3f676e17debf
1497864960670,386,5483,386,,80ec3f676e17debf
1497864960851,386,5483,386,,80ec3f676e17debf
1497864960851,386,5483,386,,80ec3f676e17debf
1497864961031,376,5485,376,,80ec3f676e17debf
1497864961031,376,5485,376,,80ec3f676e17debf
1497864961210,389,5483,389,,80ec3f676e17debf
1497864961210,389,5483,389,,80ec3f676e17debf
1497864961391,384,5422,384,,80ec3f676e17debf
1497864961391,384,5422,384,,80ec3f676e17debf
1497864961575,353,5422,353,,80ec3f676e17debf
1497864961750,367,5422,367,,80ec3f676e17debf
1497864961750,367,5422,367,,80ec3f676e17debf
1497864961931,363,5422,363,,80ec3f676e17debf
1497864961931,363,5422,363,,80ec3f676e17debf
1497864962110,346,5422,346,,80ec3f676e17debf
1497864962110,346,5422,346,,80ec3f676e17debf
1497864962291,348,5354,348,,80ec3f676e17debf
1497864962291,348,5354,348,,80ec3f676e17debf
1497864962472,339,5422,339,,80ec3f676e17debf
1497864962651,317,5348,317,,80ec3f676e17debf
1497864962651,317,5348,317,,80ec3f676e17debf
1497864962831,331,5351,331,,80ec3f676e17debf
1497864962831,331,5351,331,,80ec3f676e17debf
1497864963011,331,5351,331,,80ec3f676e17debf
1497864963011,331,5351,331,,80ec3f676e17debf
1497864963190,311,5422,311,,80ec3f676e17debf
1497864963190,311,5422,311,,80ec3f676e17debf
1497864963377,308,5422,308,,80ec3f676e17debf
1497864963551,296,5343,296,,80ec3f676e17debf
1497864963551,296,5343,296,,80ec3f676e17debf
1497864963729,279,5338,279,,80ec3f676e17debf
1497864963729,279,5338,279,,80ec3f676e17debf
1497864963912,279,5338,279,,80ec3f676e17debf
1497864963912,279,5338,279,,80ec3f676e17debf
1497864964093,277,5422,277,,80ec3f676e17debf
1497864964093,277,5422,277,,80ec3f676e17debf
1497864964270,256,5422,256,,80ec3f676e17debf
1497864964451,247,5519,247,,80ec3f676e17debf
1497864964451,247,5519,247,,80ec3f676e17debf
1497864964632,240,5521,240,,80ec3f676e17debf
1497864964632,240,5521,240,,80ec3f676e17debf
1497864964812,226,5747,226,,80ec3f676e17debf
1497864964812,226,5747,226,,80ec3f676e17debf
1497864964990,223,5757,223,,80ec3f676e17debf
1497864964990,223,5757,223,,80ec3f676e17debf
1497864965171,223,5757,223,,80ec3f676e17debf
1497864965350,226,5747,226,,80ec3f676e17debf
1497864965350,226,5747,226,,80ec3f676e17debf
1497864965532,204,5918,204,,80ec3f676e17debf
1497864965532,204,5918,204,,80ec3f676e17debf
1497864965710,200,5895,200,,80ec3f676e17debf
1497864965710,200,5895,200,,80ec3f676e17debf
1497864965891,202,5887,202,,80ec3f676e17debf
1497864965891,202,5887,202,,80ec3f676e17debf
1497864966075,188,5997,188,,80ec3f676e17debf
1497864966251,188,5997,188,,80ec3f676e17debf
1497864966251,188,5997,188,,80ec3f676e17debf
1497864966433,198,5967,198,,80ec3f676e17debf
1497864966433,198,5967,198,,80ec3f676e17debf
1497864966611,179,6067,179,,80ec3f676e17debf
1497864966611,179,6067,179,,80ec3f676e17debf
1497864966790,177,6000,177,,80ec3f676e17debf
1497864966790,177,6000,177,,80ec3f676e17debf
1497864966970,169,5986,169,,80ec3f676e17debf
1497864967151,153,6009,153,,80ec3f676e17debf
1497864967151,153,6009,153,,80ec3f676e17debf
1497864967330,149,5973,149,,80ec3f676e17debf
1497864967513,147,5937,147,,80ec3f676e17debf
1497864967513,147,5937,147,,80ec3f676e17debf
1497864967694,132,5847,132,,80ec3f676e17debf
1497864967694,132,5847,132,,80ec3f676e17debf
1497864967872,128,5810,128,,80ec3f676e17debf
1497864968055,121,5780,121,,80ec3f676e17debf
1497864968055,121,5780,121,,80ec3f676e17debf
1497864968231,100,5729,100,,80ec3f676e17debf
1497864968231,100,5729,100,,80ec3f676e17debf
1497864968410,103,5660,103,,80ec3f676e17debf
1497864968410,103,5660,103,,80ec3f676e17debf
1497864968590,99,5543,99,,80ec3f676e17debf
1497864968590,99,5543,99,,80ec3f676e17debf
1497864968773,79,5575,79,,80ec3f676e17debf
1497864968773,79,5575,79,,80ec3f676e17debf
1497864968957,78,5498,78,,80ec3f676e17debf
1497864969136,74,5586,74,,80ec3f676e17debf
1497864969136,74,5586,74,,80ec3f676e17debf
1497864969310,59,5422,59,,80ec3f676e17debf
1497864969310,59,5422,59,,80ec3f676e17debf
1497864969493,61,5422,61,,80ec3f676e17debf
1497864969493,61,5422,61,,80ec3f676e17debf
1497864969674,68,5336,68,,80ec3f676e17debf
1497864969851,56,5319,56,,80ec3f676e17debf
1497864969851,56,5319,56,,80ec3f676e17debf
1497864970030,58,5322,58,,80ec3f676e17debf
1497864970030,58,5322,58,,80ec3f676e17debf
1497864970211,52,5310,52,,80ec3f676e17debf
1497864970211,52,5310,52,,80ec3f676e17debf
1497864970391,43,5026,43,,80ec3f676e17debf
1497864970391,43,5026,43,,80ec3f676e17debf
1497864970578,45,5167,45,,80ec3f676e17debf
1497864970751,49,5075,49,,80ec3f676e17debf
1497864970751,49,5075,49,,80ec3f676e17debf
1497864970930,41,5011,41,,80ec3f676e17debf
1497864970930,41,5011,41,,80ec3f676e17debf
1497864971111,38,4854,38,,80ec3f676e17debf
1497864971111,38,4854,38,,80ec3f676e17debf
1497864971291,39,4854,39,,80ec3f676e17debf
1497864971291,39,4854,39,,80ec3f676e17debf
1497864971470,34,4653,34,,80ec3f676e17debf
1497864971650,37,4712,37,,80ec3f676e17debf
1497864971650,37,4712,37,,80ec3f676e17debf
1497864971837,43,4785,43,,80ec3f676e17debf
1497864971837,43,4785,43,,80ec3f676e17debf
1497864972012,39,4499,39,,80ec3f676e17debf
1497864972012,39,4499,39,,80ec3f676e17debf
1497864972193,39,4499,39,,80ec3f676e17debf
1497864972193,39,4499,39,,80ec3f676e17debf
1497864972371,45,4303,45,,80ec3f676e17debf
1497864972552,58,4220,58,,80ec3f676e17debf
1497864972552,58,4220,58,,80ec3f676e17debf
1497864972732,69,4119,69,,80ec3f676e17debf
1497864972732,69,4119,69,,80ec3f676e17debf
1497864972918,85,4074,85,,80ec3f676e17debf
1497864972918,85,4074,85,,80ec3f676e17debf
1497864973090,106,4037,106,,80ec3f676e17debf
1497864973090,106,4037,106,,80ec3f676e17debf
1497864973273,145,3999,145,,80ec3f676e17debf
1497864973450,162,4000,162,,80ec3f676e17debf
1497864973450,162,4000,162,,80ec3f676e17debf
1497864973631,197,3916,197,,80ec3f676e17debf
1497864973811,214,3923,214,,80ec3f676e17debf
1497864973991,230,3854,230,,80ec3f676e17debf
1497864973991,230,3854,230,,80ec3f676e17debf
1497864974175,257,3879,257,,80ec3f676e17debf
1497864974358,267,3867,267,,80ec3f676e17debf
1497864974358,267,3867,267,,80ec3f676e17debf
1497864974535,251,3877,251,,80ec3f676e17debf
1497864974535,251,3877,251,,80ec3f676e17debf
1497864974711,252,3918,252,,80ec3f676e17debf
1497864974711,252,3918,252,,80ec3f676e17debf
1497864974890,272,3920,272,,80ec3f676e17debf
1497864974890,272,3920,272,,80ec3f676e17debf
1497864975071,279,3921,279,,80ec3f676e17debf
1497864975252,261,3916,261,,80ec3f676e17debf
1497864975252,261,3916,261,,80ec3f676e17debf
1497864975433,277,3914,277,,80ec3f676e17debf
1497864975433,277,3914,277,,80ec3f676e17debf
1497864975610,246,3918,246,,80ec3f676e17debf
1497864975610,246,3918,246,,80ec3f676e17debf
1497864975792,258,3871,258,,80ec3f676e17debf
1497864975792,258,3871,258,,80ec3f676e17debf
1497864975974,247,3834,247,,80ec3f676e17debf
1497864976154,230,3822,230,,80ec3f676e17debf
1497864976154,230,3822,230,,80ec3f676e17debf
1497864976334,203,3804,203,,80ec3f676e17debf
1497864976334,203,3804,203,,80ec3f676e17debf
1497864976510,165,3848,165,,80ec3f676e17debf
1497864976510,165,3848,165,,80ec3f676e17debf
1497864976693,144,3873,144,,80ec3f676e17debf
1497864976693,144,3873,144,,80ec3f676e17debf
1497864976872,122,3867,122,,80ec3f676e17debf
1497864976872,122,3867,122,,80ec3f676e17debf
1497864977050,109,3834,109,,80ec3f676e17debf
1497864977230,94,3905,94,,80ec3f676e17debf
1497864977230,94,3905,94,,80ec3f676e17debf
1497864977413,78,3884,78,,80ec3f676e17debf
1497864977413,78,3884,78,,80ec3f676e17debf
1497864977594,60,3851,60,,80ec3f676e17debf
1497864977594,60,3851,60,,80ec3f676e17debf
1497864977771,49,3867,49,,80ec3f676e17debf
1497864977951,38,3822,38,,80ec3f676e17debf
1497864977951,38,3822,38,,80ec3f676e17debf
1497864978134,24,3761,24,,80ec3f676e17debf
1497864978134,24,3761,24,,80ec3f676e17debf
1497864978311,21,3576,21,,80ec3f676e17debf
1497864978311,21,3576,21,,80ec3f676e17debf
1497864978491,21,3685,21,,80ec3f676e17debf
1497864978491,21,3685,21,,80ec3f676e17debf
1497864978672,21,3576,21,,80ec3f676e17debf
1497864978852,22,3479,22,,80ec3f676e17debf
1497864978852,22,3479,22,,80ec3f676e17debf
1497864979030,24,3576,24,,80ec3f676e17debf
1497864979030,24,3576,24,,80ec3f676e17debf
1497864979211,26,3576,26,,80ec3f676e17debf
1497864979211,26,3576,26,,80ec3f676e17debf
1497864979397,29,3650,29,,80ec3f676e17debf
1497864979397,29,3650,29,,80ec3f676e17debf
1497864979571,40,3807,40,,80ec3f676e17debf
1497864979750,50,3761,50,,80ec3f676e17debf
1497864979750,50,3761,50,,80ec3f676e17debf
1497864979930,70,3811,70,,80ec3f676e17debf
1497864979930,70,3811,70,,80ec3f676e17debf
1497864980112,92,3804,92,,80ec3f676e17debf
1497864980112,92,3804,92,,80ec3f676e17debf
1497864980290,113,3781,113,,80ec3f676e17debf
1497864980290,113,3781,113,,80ec3f676e17debf
1497864980472,161,3765,161,,80ec3f676e17debf
1497864980654,189,3773,189,,80ec3f676e17debf
1497864980654,189,3773,189,,80ec3f676e17debf
1497864980832,220,3776,220,,80ec3f676e17debf
1497864980832,220,3776,220,,80ec3f676e17debf
1497864981015,256,3729,256,,80ec3f676e17debf
1497864981015,256,3729,256,,80ec3f676e17debf
1497864981195,299,3762,299,,80ec3f676e17debf
1497864981195,299,3762,299,,80ec3f676e17debf
1497864981551,354,3732,354,,80ec3f676e17debf
1497864981551,354,3732,354,,80ec3f676e17debf
1497864981731,390,3681,390,,80ec3f676e17debf
1497864981731,390,3681,390,,80ec3f676e17debf
1497864981911,376,3685,376,,80ec3f676e17debf
1497864981911,376,3685,376,,80ec3f676e17debf
1497864982092,368,3681,368,,80ec3f676e17debf
1497864982092,368,3681,368,,80ec3f676e17debf
1497864982270,379,3703,379,,80ec3f676e17debf
1497864982452,389,3731,389,,80ec3f676e17debf
1497864982452,389,3731,389,,80ec3f676e17debf
1497864982634,382,3727,382,,80ec3f676e17debf
1497864982634,382,3727,382,,80ec3f676e17debf
1497864982813,411,3740,411,,80ec3f676e17debf
1497864982813,411,3740,411,,80ec3f676e17debf
1497864982998,419,3732,419,,80ec3f676e17debf
1497864982998,419,3732,419,,80ec3f676e17debf
1497864983171,394,3735,394,,80ec3f676e17debf
1497864983354,381,3715,381,,80ec3f676e17debf
1497864983354,381,3715,381,,80ec3f676e17debf
1497864983534,388,3724,388,,80ec3f676e17debf
1497864983534,388,3724,388,,80ec3f676e17debf
1497864983711,376,3692,376,,80ec3f676e17debf
1497864983711,376,3692,376,,80ec3f676e17debf
1497864983891,382,3701,382,,80ec3f676e17debf
1497864983891,382,3701,382,,80ec3f676e17debf
1497864984076,365,3675,365,,80ec3f676e17debf
1497864984251,307,3710,307,,80ec3f676e17debf
1497864984251,307,3710,307,,80ec3f676e17debf
1497864984434,245,3659,245,,80ec3f676e17debf
1497864984434,245,3659,245,,80ec3f676e17debf
1497864984611,190,3697,190,,80ec3f676e17debf
1497864984611,190,3697,190,,80ec3f676e17debf
1497864984790,160,3690,160,,80ec3f676e17debf
1497864984790,160,3690,160,,80ec3f676e17debf
1497864984970,143,3706,143,,80ec3f676e17debf
1497864984970,143,3706,143,,80ec3f676e17debf
1497864985150,117,3715,117,,80ec3f676e17debf
1497864985332,90,3730,90,,80ec3f676e17debf
1497864985332,90,3730,90,,80ec3f676e17debf
1497864985515,73,3703,73,,80ec3f676e17debf
1497864985515,73,3703,73,,80ec3f676e17debf
1497864985696,60,3730,60,,80ec3f676e17debf
1497864985696,60,3730,60,,80ec3f676e17debf
1497864985875,46,3673,46,,80ec3f676e17debf
1497864985875,46,3673,46,,80ec3f676e17debf
1497864986051,38,3636,38,,80ec3f676e17debf
1497864986231,31,3576,31,,80ec3f676e17debf
1497864986231,31,3576,31,,80ec3f676e17debf
1497864986411,22,3479,22,,80ec3f676e17debf
1497864986411,22,3479,22,,80ec3f676e17debf
1497864986591,19,3576,19,,80ec3f676e17debf
1497864986591,19,3576,19,,80ec3f676e17debf
1497864986778,17,3576,17,,80ec3f676e17debf
1497864986951,17,3576,17,,80ec3f676e17debf
1497864986951,17,3576,17,,80ec3f676e17debf
1497864987132,17,3453,17,,80ec3f676e17debf
1497864987132,17,3453,17,,80ec3f676e17debf
1497864987311,19,3576,19,,80ec3f676e17debf
1497864987311,19,3576,19,,80ec3f676e17debf
1497864987493,19,3576,19,,80ec3f676e17debf
1497864987493,19,3576,19,,80ec3f676e17debf
1497864987674,20,3467,20,,80ec3f676e17debf
1497864987851,23,3673,23,,80ec3f676e17debf
1497864987851,23,3673,23,,80ec3f676e17debf
1497864988031,24,3576,24,,80ec3f676e17debf
1497864988031,24,3576,24,,80ec3f676e17debf
1497864988211,26,3576,26,,80ec3f676e17debf
1497864988211,26,3576,26,,80ec3f676e17debf
1497864988391,36,3767,36,,80ec3f676e17debf
1497864988391,36,3767,36,,80ec3f676e17debf
1497864988572,47,3770,47,,80ec3f676e17debf
1497864988756,63,3797,63,,80ec3f676e17debf
1497864988756,63,3797,63,,80ec3f676e17debf
1497864988931,79,3781,79,,80ec3f676e17debf
1497864988931,79,3781,79,,80ec3f676e17debf
1497864989111,86,3763,86,,80ec3f676e17debf
1497864989293,103,3756,103,,80ec3f676e17debf
1497864989293,103,3756,103,,80ec3f676e17debf
1497864989473,131,3809,131,,80ec3f676e17debf
1497864989651,160,3781,160,,80ec3f676e17debf
1497864989651,160,3781,160,,80ec3f676e17debf
1497864989835,188,3751,188,,80ec3f676e17debf
1497864989835,188,3751,188,,80ec3f676e17debf
1497864990012,211,3730,211,,80ec3f676e17debf
1497864990012,211,3730,211,,80ec3f676e17debf
1497864990193,227,3677,227,,80ec3f676e17debf
1497864990193,227,3677,227,,80ec3f676e17debf
1497864990372,237,3713,237,,80ec3f676e17debf
1497864990553,246,3679,246,,80ec3f676e17debf
1497864990553,246,3679,246,,80ec3f676e17debf
1497864990739,276,3718,276,,80ec3f676e17debf
1497864990739,276,3718,276,,80ec3f676e17debf
1497864990914,292,3718,292,,80ec3f676e17debf
1497864990914,292,3718,292,,80ec3f676e17debf
1497864991091,310,3717,310,,80ec3f676e17debf
1497864991091,310,3717,310,,80ec3f676e17debf
1497864991274,319,3720,319,,80ec3f676e17debf
1497864991274,319,3720,319,,80ec3f676e17debf
1497864991453,318,3698,318,,80ec3f676e17debf
1497864991631,313,3708,313,,80ec3f676e17debf
1497864991631,313,3708,313,,80ec3f676e17debf
1497864991811,287,3696,287,,80ec3f676e17debf
1497864991811,287,3696,287,,80ec3f676e17debf
1497864991993,301,3714,301,,80ec3f676e17debf
1497864991993,301,3714,301,,80ec3f676e17debf
1497864992172,316,3691,316,,80ec3f676e17debf
1497864992356,313,3670,313,,80ec3f676e17debf
1497864992356,313,3670,313,,80ec3f676e17debf
1497864992538,298,3659,298,,80ec3f676e17debf
1497864992538,298,3659,298,,80ec3f676e17debf
1497864992711,268,3617,268,,80ec3f676e17debf
1497864992711,268,3617,268,,80ec3f676e17debf
1497864993071,234,3633,234,,80ec3f676e17debf
1497864993071,234,3633,234,,80ec3f676e17debf
1497864993251,177,3640,177,,80ec3f676e17debf
1497864993251,177,3640,177,,80ec3f676e17debf
1497864993433,159,3661,159,,80ec3f676e17debf
1497864993433,159,3661,159,,80ec3f676e17debf
1497864993613,138,3692,138,,80ec3f676e17debf
1497864993613,138,3692,138,,80ec3f676e17debf
1497864993791,124,3744,124,,80ec3f676e17debf
1497864993791,124,3744,124,,80ec3f676e17debf
1497864993971,89,3734,89,,80ec3f676e17debf
1497864993971,89,3734,89,,80ec3f676e17debf
1497864994153,69,3781,69,,80ec3f676e17debf
1497864994331,63,3797,63,,80ec3f676e17debf
1497864994331,63,3797,63,,80ec3f676e17debf
1497864994521,47,3673,47,,80ec3f676e17debf
1497864994521,47,3673,47,,80ec3f676e17debf
1497864994691,34,3576,34,,80ec3f676e17debf
1497864994691,34,3576,34,,80ec3f676e17debf
1497864994872,30,3650,30,,80ec3f676e17debf
1497864995051,25,3576,25,,80ec3f676e17debf
1497864995051,25,3576,25,,80ec3f676e17debf
1497864995411,21,3576,21,,80ec3f676e17debf
1497864995411,21,3576,21,,80ec3f676e17debf
1497864995595,19,3467,19,,80ec3f676e17debf
1497864995595,19,3467,19,,80ec3f676e17debf
1497864995773,21,3576,21,,80ec3f676e17debf
1497864995950,21,3479,21,,80ec3f676e17debf
1497864995950,21,3479,21,,80ec3f676e17debf
1497864996131,22,3479,22,,80ec3f676e17debf
1497864996131,22,3479,22,,80ec3f676e17debf
1497864996311,25,3488,25,,80ec3f676e17debf
1497864996311,25,3488,25,,80ec3f676e17debf
1497864996491,26,3576,26,,80ec3f676e17debf
1497864996491,26,3576,26,,80ec3f676e17debf
1497864996671,28,3576,28,,80ec3f676e17debf
1497864996671,28,3576,28,,80ec3f676e17debf
1497864996851,35,3640,35,,80ec3f676e17debf
1497864997031,40,3632,40,,80ec3f676e17debf
1497864997031,40,3632,40,,80ec3f676e17debf
1497864997211,52,3752,52,,80ec3f676e17debf
1497864997211,52,3752,52,,80ec3f676e17debf
1497864997395,68,3781,68,,80ec3f676e17debf
1497864997395,68,3781,68,,80ec3f676e17debf
1497864997572,82,3744,82,,80ec3f676e17debf
1497864997572,82,3744,82,,80ec3f676e17debf
1497864997751,113,3781,113,,80ec3f676e17debf
1497864997943,149,3747,149,,80ec3f676e17debf
1497864998111,194,3781,194,,80ec3f676e17debf
1497864998111,194,3781,194,,80ec3f676e17debf
1497864998111,194,3781,194,,80ec3f676e17debf
1497864998291,231,3779,231,,80ec3f676e17debf
1497864998291,231,3779,231,,80ec3f676e17debf
1497864998472,253,3722,253,,80ec3f676e17debf
1497864998472,253,3722,253,,80ec3f676e17debf
1497864998651,304,3712,304,,80ec3f676e17debf
1497864998833,330,3702,330,,80ec3f676e17debf
1497864998833,330,3702,330,,80ec3f676e17debf
1497864999012,365,3701,365,,80ec3f676e17debf
1497864999012,365,3701,365,,80ec3f676e17debf
1497864999191,395,3728,395,,80ec3f676e17debf
1497864999191,395,3728,395,,80ec3f676e17debf
1497864999383,400,3702,400,,80ec3f676e17debf
1497864999553,400,3743,400,,80ec3f676e17debf
1497864999553,400,3743,400,,80ec3f676e17debf
1497864999731,400,3731,400,,80ec3f676e17debf
1497864999731,400,3731,400,,80ec3f676e17debf
1497864999911,421,3723,421,,80ec3f676e17debf
1497864999911,421,3723,421,,80ec3f676e17debf
1497865000091,441,3758,441,,80ec3f676e17debf
1497865000091,441,3758,441,,80ec3f676e17debf
1497865000277,421,3734,421,,80ec3f676e17debf
1497865000453,406,3688,406,,80ec3f676e17debf
1497865000453,406,3688,406,,80ec3f676e17debf
1497865000634,409,3710,409,,80ec3f676e17debf
1497865000634,409,3710,409,,80ec3f676e17debf
1497865000810,416,3691,416,,80ec3f676e17debf
1497865000810,416,3691,416,,80ec3f676e17debf
1497865000991,362,3670,362,,80ec3f676e17debf
1497865000991,362,3670,362,,80ec3f676e17debf
1497865001171,358,3664,358,,80ec3f676e17debf
1497865001360,356,3671,356,,80ec3f676e17debf
1497865001360,356,3671,356,,80ec3f676e17debf
1497865001533,298,3691,298,,80ec3f676e17debf
1497865001533,298,3691,298,,80ec3f676e17debf
1497865001712,270,3702,270,,80ec3f676e17debf
1497865001712,270,3702,270,,80ec3f676e17debf
1497865001892,241,3679,241,,80ec3f676e17debf
1497865001892,241,3679,241,,80ec3f676e17debf
1497865002072,217,3680,217,,80ec3f676e17debf
1497865002072,217,3680,217,,80ec3f676e17debf
1497865002254,186,3737,186,,80ec3f676e17debf
1497865002436,165,3729,165,,80ec3f676e17debf
1497865002436,165,3729,165,,80ec3f676e17debf
1497865002611,158,3691,158,,80ec3f676e17debf
1497865002611,158,3691,158,,80ec3f676e17debf
1497865002792,115,3799,115,,80ec3f676e17debf
1497865002792,115,3799,115,,80ec3f676e17debf
1497865002972,97,3744,97,,80ec3f676e17debf
1497865003154,85,3793,85,,80ec3f676e17debf
1497865003154,85,3793,85,,80ec3f676e17debf
1497865003333,59,3730,59,,80ec3f676e17debf
1497865003333,59,3730,59,,80ec3f676e17debf
1497865003513,45,3781,45,,80ec3f676e17debf
1497865003513,45,3781,45,,80ec3f676e17debf
1497865003693,46,3726,46,,80ec3f676e17debf
1497865003693,46,3726,46,,80ec3f676e17debf
1497865003873,38,3822,38,,80ec3f676e17debf
1497865004056,29,3817,29,,80ec3f676e17debf
1497865004056,29,3817,29,,80ec3f676e17debf
1497865004232,25,3761,25,,80ec3f676e17debf
1497865004232,25,3761,25,,80ec3f676e17debf
1497865004412,25,3761,25,,80ec3f676e17debf
1497865004412,25,3761,25,,80ec3f676e17debf
1497865004592,22,3781,22,,80ec3f676e17debf
1497865004592,22,3781,22,,80ec3f676e17debf
1497865004771,23,3673,23,,80ec3f676e17debf
1497865004959,26,3840,26,,80ec3f676e17debf
1497865004959,26,3840,26,,80ec3f676e17debf
1497865005133,29,3912,29,,80ec3f676e17debf
1497865005133,29,3912,29,,80ec3f676e17debf
1497865005311,28,3744,28,,80ec3f676e17debf
1497865005311,28,3744,28,,80ec3f676e17debf
1497865005491,29,3817,29,,80ec3f676e17debf
1497865005491,29,3817,29,,80ec3f676e17debf
1497865005672,37,3894,37,,80ec3f676e17debf
1497865005852,45,3840,45,,80ec3f676e17debf
1497865005852,45,3840,45,,80ec3f676e17debf
1497865006032,60,3807,60,,80ec3f676e17debf
1497865006032,60,3807,60,,80ec3f676e17debf
1497865006211,100,3786,100,,80ec3f676e17debf
1497865006211,100,3786,100,,80ec3f676e17debf
1497865006398,122,3747,122,,80ec3f676e17debf
1497865006398,122,3747,122,,80ec3f676e17debf
1497865006575,145,3720,145,,80ec3f676e17debf
1497865006757,171,3712,171,,80ec3f676e17debf
1497865006757,171,3712,171,,80ec3f676e17debf
1497865006933,199,3716,199,,80ec3f676e17debf
1497865006933,199,3716,199,,80ec3f676e17debf
1497865007116,231,3706,231,,80ec3f676e17debf
1497865007116,231,3706,231,,80ec3f676e17debf
1497865007294,257,3719,257,,80ec3f676e17debf
1497865007294,257,3719,257,,80ec3f676e17debf
1497865007471,274,3727,274,,80ec3f676e17debf
1497865007656,276,3708,276,,80ec3f676e17debf
1497865007656,276,3708,276,,80ec3f676e17debf
1497865007831,269,3668,269,,80ec3f676e17debf
1497865007831,269,3668,269,,80ec3f676e17debf
1497865008011,232,3694,232,,80ec3f676e17debf
1497865008011,232,3694,232,,80ec3f676e17debf
1497865008192,225,3688,225,,80ec3f676e17debf
1497865008192,225,3688,225,,80ec3f676e17debf
1497865008371,222,3626,222,,80ec3f676e17debf
1497865008551,210,3640,210,,80ec3f676e17debf
1497865008551,210,3640,210,,80ec3f676e17debf
1497865008740,216,3671,216,,80ec3f676e17debf
1497865008740,216,3671,216,,80ec3f676e17debf
1497865008912,203,3701,203,,80ec3f676e17debf
1497865008912,203,3701,203,,80ec3f676e17debf
1497865009093,212,3716,212,,80ec3f676e17debf
1497865009093,212,3716,212,,80ec3f676e17debf
1497865009283,202,3701,202,,80ec3f676e17debf
1497865009452,226,3709,226,,80ec3f676e17debf
1497865009452,226,3709,226,,80ec3f676e17debf
1497865009635,225,3677,225,,80ec3f676e17debf
1497865009635,225,3677,225,,80ec3f676e17debf
1497865009811,247,3697,247,,80ec3f676e17debf
1497865009811,247,3697,247,,80ec3f676e17debf
1497865010173,213,3705,213,,80ec3f676e17debf
1497865010173,213,3705,213,,80ec3f676e17debf
1497865010173,213,3705,213,,80ec3f676e17debf
1497865010352,206,3744,206,,80ec3f676e17debf
1497865010531,195,3729,195,,80ec3f676e17debf
1497865010531,195,3729,195,,80ec3f676e17debf
1497865010711,201,3711,201,,80ec3f676e17debf
1497865010711,201,3711,201,,80ec3f676e17debf
1497865010892,183,3674,183,,80ec3f676e17debf
1497865010892,183,3674,183,,80ec3f676e17debf
1497865011071,169,3683,169,,80ec3f676e17debf
1497865011071,169,3683,169,,80ec3f676e17debf
1497865011251,151,3727,151,,80ec3f676e17debf
1497865011432,134,3750,134,,80ec3f676e17debf
1497865011432,134,3750,134,,80ec3f676e17debf
1497865011612,109,3724,109,,80ec3f676e17debf
1497865011612,109,3724,109,,80ec3f676e17debf
1497865011792,96,3770,96,,80ec3f676e17debf
1497865011792,96,3770,96,,80ec3f676e17debf
1497865011972,70,3673,70,,80ec3f676e17debf
1497865011972,70,3673,70,,80ec3f676e17debf
1497865012151,55,3699,55,,80ec3f676e17debf
1497865012331,34,3708,34,,80ec3f676e17debf
1497865012331,34,3708,34,,80ec3f676e17debf
1497865012512,32,3718,32,,80ec3f676e17debf
1497865012512,32,3718,32,,80ec3f676e17debf
1497865012691,26,3576,26,,80ec3f676e17debf
1497865012691,26,3576,26,,80ec3f676e17debf
1497865012871,21,3685,21,,80ec3f676e17debf
1497865012871,21,3685,21,,80ec3f676e17debf
1497865013051,19,3576,19,,80ec3f676e17debf
1497865013241,17,3453,17,,80ec3f676e17debf
1497865013241,17,3453,17,,80ec3f676e17debf
1497865013412,17,3453,17,,80ec3f676e17debf
1497865013412,17,3453,17,,80ec3f676e17debf
1497865013596,19,3576,19,,80ec3f676e17debf
1497865013596,19,3576,19,,80ec3f676e17debf
1497865013774,20,3467,20,,80ec3f676e17debf
1497865013774,20,3467,20,,80ec3f676e17debf
1497865013960,22,3576,22,,80ec3f676e17debf
1497865014139,24,3576,24,,80ec3f676e17debf
1497865014139,24,3576,24,,80ec3f676e17debf
1497865014311,28,3656,28,,80ec3f676e17debf
1497865014311,28,3656,28,,80ec3f676e17debf
1497865014492,35,3708,35,,80ec3f676e17debf
1497865014492,35,3708,35,,80ec3f676e17debf
1497865014671,41,3744,41,,80ec3f676e17debf
1497865014853,51,3711,51,,80ec3f676e17debf
1497865014853,51,3711,51,,80ec3f676e17debf
1497865015037,75,3858,75,,80ec3f676e17debf
1497865015037,75,3858,75,,80ec3f676e17debf
1497865015212,96,3847,96,,80ec3f676e17debf
1497865015212,96,3847,96,,80ec3f676e17debf
1497865015400,112,3852,112,,80ec3f676e17debf
1497865015400,112,3852,112,,80ec3f676e17debf
1497865015572,144,3753,144,,80ec3f676e17debf
1497865015756,183,3701,183,,80ec3f676e17debf
1497865015756,183,3701,183,,80ec3f676e17debf
1497865015943,194,3682,194,,80ec3f676e17debf
1497865015943,194,3682,194,,80ec3f676e17debf
1497865016117,208,3686,208,,80ec3f676e17debf
1497865016117,208,3686,208,,80ec3f676e17debf
1497865016292,232,3695,232,,80ec3f676e17debf
1497865016292,232,3695,232,,80ec3f676e17debf
1497865016473,250,3686,250,,80ec3f676e17debf
1497865016652,265,3687,265,,80ec3f676e17debf
1497865016652,265,3687,265,,80ec3f676e17debf
1497865016832,292,3707,292,,80ec3f676e17debf
1497865016832,292,3707,292,,80ec3f676e17debf
1497865017013,307,3663,307,,80ec3f676e17debf
1497865017013,307,3663,307,,80ec3f676e17debf
1497865017192,313,3707,313,,80ec3f676e17debf
1497865017192,313,3707,313,,80ec3f676e17debf
1497865017372,293,3725,293,,80ec3f676e17debf
1497865017551,299,3706,299,,80ec3f676e17debf
1497865017551,299,3706,299,,80ec3f676e17debf
1497865017731,324,3696,324,,80ec3f676e17debf
1497865017731,324,3696,324,,80ec3f676e17debf
1497865017911,341,3739,341,,80ec3f676e17debf
1497865017911,341,3739,341,,80ec3f676e17debf
1497865018094,357,3711,357,,80ec3f676e17debf
1497865018094,357,3711,357,,80ec3f676e17debf
1497865018271,375,3698,375,,80ec3f676e17debf
1497865018271,375,3698,375,,80ec3f676e17debf
1497865018452,386,3682,386,,80ec3f676e17debf
1497865018632,384,3658,384,,80ec3f676e17debf
1497865018632,384,3658,384,,80ec3f676e17debf
1497865018811,344,3661,344,,80ec3f676e17debf
1497865018811,344,3661,344,,80ec3f676e17debf
1497865018991,345,3675,345,,80ec3f676e17debf
1497865018991,345,3675,345,,80ec3f676e17debf
1497865019172,306,3687,306,,80ec3f676e17debf
1497865019172,306,3687,306,,80ec3f676e17debf
1497865019351,277,3675,277,,80ec3f676e17debf
1497865019532,229,3706,229,,80ec3f676e17debf
1497865019532,229,3706,229,,80ec3f676e17debf
1497865019712,188,3724,188,,80ec3f676e17debf
1497865019712,188,3724,188,,80ec3f676e17debf
1497865019891,166,3744,166,,80ec3f676e17debf
1497865019891,166,3744,166,,80ec3f676e17debf
1497865020075,162,3718,162,,80ec3f676e17debf
1497865020075,162,3718,162,,80ec3f676e17debf
1497865020257,137,3762,137,,80ec3f676e17debf
1497865020438,117,3733,117,,80ec3f676e17debf
1497865020438,117,3733,117,,80ec3f676e17debf
1497865020612,91,3781,91,,80ec3f676e17debf
1497865020612,91,3781,91,,80ec3f676e17debf
1497865020794,71,3738,71,,80ec3f676e17debf
1497865020794,71,3738,71,,80ec3f676e17debf
1497865020974,56,3699,56,,80ec3f676e17debf
1497865021156,49,3668,49,,80ec3f676e17debf
1497865021156,49,3668,49,,80ec3f676e17debf
1497865021332,45,3679,45,,80ec3f676e17debf
1497865021332,45,3679,45,,80ec3f676e17debf
1497865021513,38,3636,38,,80ec3f676e17debf
1497865021513,38,3636,38,,80ec3f676e17debf
1497865021692,28,3656,28,,80ec3f676e17debf
1497865021692,28,3656,28,,80ec3f676e17debf
1497865021875,21,3685,21,,80ec3f676e17debf
1497865022052,20,3467,20,,80ec3f676e17debf
1497865022052,20,3467,20,,80ec3f676e17debf
1497865022237,19,3576,19,,80ec3f676e17debf
1497865022237,19,3576,19,,80ec3f676e17debf
1497865022412,19,3576,19,,80ec3f676e17debf
1497865022412,19,3576,19,,80ec3f676e17debf
1497865022592,18,3699,18,,80ec3f676e17debf
1497865022592,18,3699,18,,80ec3f676e17debf
1497865022773,19,3576,19,,80ec3f676e17debf
1497865022773,19,3576,19,,80ec3f676e17debf
1497865022952,19,3576,19,,80ec3f676e17debf
1497865023132,19,3576,19,,80ec3f676e17debf
1497865023132,19,3576,19,,80ec3f676e17debf
1497865023312,20,3576,20,,80ec3f676e17debf
1497865023312,20,3576,20,,80ec3f676e17debf
1497865023492,20,3467,20,,80ec3f676e17debf
1497865023492,20,3467,20,,80ec3f676e17debf
1497865023675,21,3685,21,,80ec3f676e17debf
1497865023855,21,3685,21,,80ec3f676e17debf
1497865023855,21,3685,21,,80ec3f676e17debf
1497865024036,24,3673,24,,80ec3f676e17debf
1497865024036,24,3673,24,,80ec3f676e17debf
1497865024212,22,3576,22,,80ec3f676e17debf
