timestamp, lastAccessTime, proximity, UUID 
1498222970170,1498222970173,far,,80ec3f676e17debf
1498222970203,1498222970638,far,,80ec3f676e17debf
1498222970203,1498222970857,far,,80ec3f676e17debf
1498222970203,1498222971018,far,,80ec3f676e17debf
1498222970203,1498222971119,far,,80ec3f676e17debf
1498222970203,1498222971208,far,,80ec3f676e17debf
1498222970203,1498222971273,far,,80ec3f676e17debf
1498222970203,1498222971296,far,,80ec3f676e17debf
1498222970203,1498222971365,far,,80ec3f676e17debf
1498222970203,1498222971377,far,,80ec3f676e17debf
1498222970203,1498222971395,far,,80ec3f676e17debf
1498222970203,1498222971426,far,,80ec3f676e17debf
1498222970203,1498222971450,far,,80ec3f676e17debf
1498222970203,1498222971473,far,,80ec3f676e17debf
1498222970203,1498222971487,far,,80ec3f676e17debf
1498222970203,1498222971518,far,,80ec3f676e17debf
1498222970203,1498222971532,far,,80ec3f676e17debf
1498222970203,1498222971542,far,,80ec3f676e17debf
1498222970203,1498222971558,far,,80ec3f676e17debf
1498222970203,1498222971573,far,,80ec3f676e17debf
1498222970203,1498222971593,far,,80ec3f676e17debf
1498222970203,1498222971634,far,,80ec3f676e17debf
1498222970203,1498222971658,far,,80ec3f676e17debf
1498222970203,1498222971682,far,,80ec3f676e17debf
1498222970203,1498222971726,far,,80ec3f676e17debf
1498222970203,1498222971755,far,,80ec3f676e17debf
1498222970203,1498222971775,far,,80ec3f676e17debf
1498222970203,1498222971793,far,,80ec3f676e17debf
1498222970203,1498222971833,far,,80ec3f676e17debf
1498222970203,1498222971858,far,,80ec3f676e17debf
1498222970203,1498222971879,far,,80ec3f676e17debf
1498222970203,1498222971892,far,,80ec3f676e17debf
1498222970203,1498222971918,far,,80ec3f676e17debf
1498222970203,1498222971941,far,,80ec3f676e17debf
1498222970203,1498222971962,far,,80ec3f676e17debf
1498222970203,1498222971980,far,,80ec3f676e17debf
1498222970203,1498222972022,far,,80ec3f676e17debf
1498222970203,1498222972055,far,,80ec3f676e17debf
1498222970203,1498222972095,far,,80ec3f676e17debf
1498222970203,1498222972226,far,,80ec3f676e17debf
1498222970203,1498222972318,far,,80ec3f676e17debf
1498222970203,1498222972414,far,,80ec3f676e17debf
1498222970203,1498222972469,far,,80ec3f676e17debf
1498222970203,1498222972486,far,,80ec3f676e17debf
1498222970203,1498222972550,far,,80ec3f676e17debf
1498222970203,1498222972588,far,,80ec3f676e17debf
1498222970203,1498222972619,far,,80ec3f676e17debf
1498222970203,1498222972649,far,,80ec3f676e17debf
1498222970203,1498222972674,far,,80ec3f676e17debf
1498222970203,1498222972689,far,,80ec3f676e17debf
1498222970203,1498222972741,far,,80ec3f676e17debf
1498222970203,1498222972773,far,,80ec3f676e17debf
1498222970203,1498222972802,far,,80ec3f676e17debf
1498222970203,1498222972867,far,,80ec3f676e17debf
1498222970203,1498222972901,far,,80ec3f676e17debf
1498222970203,1498222972951,far,,80ec3f676e17debf
1498222970203,1498222973007,far,,80ec3f676e17debf
1498222970203,1498222973086,far,,80ec3f676e17debf
1498222970203,1498222973162,far,,80ec3f676e17debf
1498222970203,1498222973206,far,,80ec3f676e17debf
1498222970203,1498222973248,far,,80ec3f676e17debf
1498222970203,1498222973277,far,,80ec3f676e17debf
1498222970203,1498222973303,far,,80ec3f676e17debf
1498222970203,1498222973356,far,,80ec3f676e17debf
1498222970203,1498222973393,far,,80ec3f676e17debf
1498222970203,1498222973445,far,,80ec3f676e17debf
1498222970203,1498222973465,far,,80ec3f676e17debf
1498222970203,1498222973478,far,,80ec3f676e17debf
1498222970203,1498222973502,far,,80ec3f676e17debf
1498222970203,1498222973537,far,,80ec3f676e17debf
1498222970203,1498222973564,far,,80ec3f676e17debf
1498222970203,1498222973581,far,,80ec3f676e17debf
1498222970203,1498222973620,far,,80ec3f676e17debf
1498222970203,1498222973646,far,,80ec3f676e17debf
1498222970203,1498222973665,far,,80ec3f676e17debf
1498222970203,1498222973680,far,,80ec3f676e17debf
1498222970203,1498222973716,far,,80ec3f676e17debf
1498222970203,1498222973742,far,,80ec3f676e17debf
1498222970203,1498222973765,far,,80ec3f676e17debf
1498222970203,1498222973786,far,,80ec3f676e17debf
1498222970203,1498222973814,far,,80ec3f676e17debf
1498222970203,1498222973841,far,,80ec3f676e17debf
1498222970203,1498222973862,far,,80ec3f676e17debf
1498222970203,1498222973880,far,,80ec3f676e17debf
1498222970203,1498222973913,far,,80ec3f676e17debf
1498222970203,1498222973931,far,,80ec3f676e17debf
1498222970203,1498222973948,far,,80ec3f676e17debf
1498222970203,1498222973965,far,,80ec3f676e17debf
1498222970203,1498222973980,far,,80ec3f676e17debf
1498222970203,1498222974000,far,,80ec3f676e17debf
1498222970203,1498222974020,far,,80ec3f676e17debf
1498222970203,1498222974039,far,,80ec3f676e17debf
1498222970203,1498222974052,far,,80ec3f676e17debf
1498222970203,1498222974077,far,,80ec3f676e17debf
1498222970203,1498222974100,far,,80ec3f676e17debf
1498222970203,1498222974155,far,,80ec3f676e17debf
1498222970203,1498222974192,far,,80ec3f676e17debf
1498222970203,1498222974252,far,,80ec3f676e17debf
1498222970203,1498222974269,far,,80ec3f676e17debf
1498222970203,1498222974281,far,,80ec3f676e17debf
1498222970203,1498222974334,far,,80ec3f676e17debf
1498222970203,1498222974358,far,,80ec3f676e17debf
1498222970203,1498222974377,far,,80ec3f676e17debf
1498222970203,1498222974402,far,,80ec3f676e17debf
1498222970203,1498222974463,far,,80ec3f676e17debf
1498222970203,1498222974524,far,,80ec3f676e17debf
1498222970203,1498222974619,far,,80ec3f676e17debf
1498222970203,1498222974686,far,,80ec3f676e17debf
1498222970203,1498222975446,far,,80ec3f676e17debf
1498222970203,1498222975525,far,,80ec3f676e17debf
1498222970203,1498222975546,far,,80ec3f676e17debf
1498222970203,1498222975560,far,,80ec3f676e17debf
1498222970203,1498222975576,far,,80ec3f676e17debf
1498222970203,1498222975590,far,,80ec3f676e17debf
1498222970203,1498222975637,far,,80ec3f676e17debf
1498222970203,1498222975668,far,,80ec3f676e17debf
1498222970203,1498222975684,far,,80ec3f676e17debf
1498222970203,1498222975713,far,,80ec3f676e17debf
1498222970203,1498222975746,far,,80ec3f676e17debf
1498222970203,1498222975760,far,,80ec3f676e17debf
1498222970203,1498222975783,far,,80ec3f676e17debf
1498222970203,1498222975814,far,,80ec3f676e17debf
1498222970203,1498222975831,far,,80ec3f676e17debf
1498222970203,1498222975859,far,,80ec3f676e17debf
1498222970203,1498222975871,far,,80ec3f676e17debf
1498222970203,1498222975890,far,,80ec3f676e17debf
1498222970203,1498222975912,far,,80ec3f676e17debf
1498222970203,1498222975944,far,,80ec3f676e17debf
1498222970203,1498222975960,far,,80ec3f676e17debf
1498222970203,1498222975974,far,,80ec3f676e17debf
1498222970203,1498222975992,far,,80ec3f676e17debf
1498222970203,1498222976048,far,,80ec3f676e17debf
1498222970203,1498222976070,far,,80ec3f676e17debf
1498222970203,1498222976082,far,,80ec3f676e17debf
1498222970203,1498222976111,far,,80ec3f676e17debf
1498222970203,1498222976130,far,,80ec3f676e17debf
1498222970203,1498222976149,far,,80ec3f676e17debf
1498222970203,1498222976163,far,,80ec3f676e17debf
1498222970203,1498222976177,far,,80ec3f676e17debf
1498222970203,1498222976196,far,,80ec3f676e17debf
1498222970203,1498222976231,far,,80ec3f676e17debf
1498222970203,1498222976262,far,,80ec3f676e17debf
1498222970203,1498222976279,far,,80ec3f676e17debf
1498222970203,1498222976302,far,,80ec3f676e17debf
1498222970203,1498222976321,far,,80ec3f676e17debf
1498222970203,1498222976341,far,,80ec3f676e17debf
1498222970203,1498222976352,far,,80ec3f676e17debf
1498222970203,1498222976366,far,,80ec3f676e17debf
1498222970203,1498222976395,far,,80ec3f676e17debf
1498222970203,1498222976452,far,,80ec3f676e17debf
1498222970203,1498222976482,far,,80ec3f676e17debf
1498222970203,1498222976559,far,,80ec3f676e17debf
1498222970203,1498222976598,far,,80ec3f676e17debf
1498222970203,1498222976650,far,,80ec3f676e17debf
1498222970203,1498222976671,far,,80ec3f676e17debf
1498222970203,1498222976689,far,,80ec3f676e17debf
1498222970203,1498222976720,far,,80ec3f676e17debf
1498222970203,1498222976752,far,,80ec3f676e17debf
1498222970203,1498222976772,far,,80ec3f676e17debf
1498222970203,1498222976792,far,,80ec3f676e17debf
1498222970203,1498222976820,far,,80ec3f676e17debf
1498222970203,1498222976838,far,,80ec3f676e17debf
1498222970203,1498222976851,far,,80ec3f676e17debf
1498222970203,1498222976868,far,,80ec3f676e17debf
1498222970203,1498222976887,far,,80ec3f676e17debf
1498222970203,1498222976918,far,,80ec3f676e17debf
1498222970203,1498222976948,far,,80ec3f676e17debf
1498222970203,1498222976968,far,,80ec3f676e17debf
1498222970203,1498222976989,far,,80ec3f676e17debf
1498222970203,1498222977023,far,,80ec3f676e17debf
1498222970203,1498222977045,far,,80ec3f676e17debf
1498222970203,1498222977060,far,,80ec3f676e17debf
1498222970203,1498222977087,far,,80ec3f676e17debf
1498222970203,1498222977120,far,,80ec3f676e17debf
1498222970203,1498222977170,far,,80ec3f676e17debf
1498222970203,1498222977195,far,,80ec3f676e17debf
1498222970203,1498222977229,far,,80ec3f676e17debf
1498222970203,1498222977246,far,,80ec3f676e17debf
1498222970203,1498222977263,far,,80ec3f676e17debf
1498222970203,1498222977279,far,,80ec3f676e17debf
1498222970203,1498222977301,far,,80ec3f676e17debf
1498222970203,1498222977384,far,,80ec3f676e17debf
1498222970203,1498222977475,far,,80ec3f676e17debf
1498222970203,1498222977514,far,,80ec3f676e17debf
1498222970203,1498222977577,far,,80ec3f676e17debf
1498222970203,1498222977592,far,,80ec3f676e17debf
1498222970203,1498222977618,far,,80ec3f676e17debf
1498222970203,1498222977634,far,,80ec3f676e17debf
1498222970203,1498222977653,far,,80ec3f676e17debf
1498222970203,1498222977670,far,,80ec3f676e17debf
1498222970203,1498222977697,far,,80ec3f676e17debf
1498222970203,1498222977721,far,,80ec3f676e17debf
1498222970203,1498222977754,far,,80ec3f676e17debf
1498222970203,1498222977770,far,,80ec3f676e17debf
1498222970203,1498222977787,far,,80ec3f676e17debf
1498222970203,1498222977809,far,,80ec3f676e17debf
1498222970203,1498222977824,far,,80ec3f676e17debf
1498222970203,1498222977838,far,,80ec3f676e17debf
1498222970203,1498222977855,far,,80ec3f676e17debf
1498222970203,1498222977871,far,,80ec3f676e17debf
1498222970203,1498222977894,far,,80ec3f676e17debf
1498222970203,1498222977924,far,,80ec3f676e17debf
1498222970203,1498222977941,far,,80ec3f676e17debf
1498222970203,1498222977960,far,,80ec3f676e17debf
1498222970203,1498222977984,far,,80ec3f676e17debf
1498222970203,1498222978000,far,,80ec3f676e17debf
1498222970203,1498222978041,far,,80ec3f676e17debf
1498222970203,1498222978070,far,,80ec3f676e17debf
1498222970203,1498222978091,far,,80ec3f676e17debf
1498222970203,1498222978121,far,,80ec3f676e17debf
1498222970203,1498222978137,far,,80ec3f676e17debf
1498222970203,1498222978150,far,,80ec3f676e17debf
1498222970203,1498222978163,far,,80ec3f676e17debf
1498222970203,1498222978180,far,,80ec3f676e17debf
1498222970203,1498222978197,far,,80ec3f676e17debf
1498222970203,1498222978226,far,,80ec3f676e17debf
1498222970203,1498222978241,far,,80ec3f676e17debf
1498222970203,1498222978267,far,,80ec3f676e17debf
1498222970203,1498222978285,far,,80ec3f676e17debf
1498222970203,1498222978320,far,,80ec3f676e17debf
1498222970203,1498222978352,far,,80ec3f676e17debf
1498222970203,1498222978375,far,,80ec3f676e17debf
1498222970203,1498222978395,far,,80ec3f676e17debf
1498222970203,1498222978441,far,,80ec3f676e17debf
1498222970203,1498222978477,far,,80ec3f676e17debf
1498222970203,1498222978503,far,,80ec3f676e17debf
1498222970203,1498222978540,far,,80ec3f676e17debf
1498222970203,1498222978552,far,,80ec3f676e17debf
1498222970203,1498222978573,far,,80ec3f676e17debf
1498222970203,1498222978592,far,,80ec3f676e17debf
1498222970203,1498222978618,far,,80ec3f676e17debf
1498222970203,1498222978636,far,,80ec3f676e17debf
1498222970203,1498222978655,far,,80ec3f676e17debf
1498222970203,1498222978671,far,,80ec3f676e17debf
1498222970203,1498222978692,far,,80ec3f676e17debf
1498222970203,1498222978717,far,,80ec3f676e17debf
1498222970203,1498222978732,far,,80ec3f676e17debf
1498222970203,1498222978749,far,,80ec3f676e17debf
1498222970203,1498222978760,far,,80ec3f676e17debf
1498222970203,1498222978777,far,,80ec3f676e17debf
1498222970203,1498222978794,far,,80ec3f676e17debf
1498222970203,1498222978823,far,,80ec3f676e17debf
1498222970203,1498222978839,far,,80ec3f676e17debf
1498222970203,1498222978857,far,,80ec3f676e17debf
1498222970203,1498222978865,far,,80ec3f676e17debf
1498222970203,1498222978880,far,,80ec3f676e17debf
1498222970203,1498222978919,far,,80ec3f676e17debf
1498222970203,1498222978945,far,,80ec3f676e17debf
1498222970203,1498222978958,far,,80ec3f676e17debf
1498222970203,1498222978977,far,,80ec3f676e17debf
1498222970203,1498222978993,far,,80ec3f676e17debf
1498222970203,1498222979045,far,,80ec3f676e17debf
1498222970203,1498222979061,far,,80ec3f676e17debf
1498222970203,1498222979082,far,,80ec3f676e17debf
1498222970203,1498222979103,far,,80ec3f676e17debf
1498222970203,1498222979134,far,,80ec3f676e17debf
1498222970203,1498222979148,far,,80ec3f676e17debf
1498222970203,1498222979163,far,,80ec3f676e17debf
1498222970203,1498222979179,far,,80ec3f676e17debf
1498222970203,1498222979195,far,,80ec3f676e17debf
1498222970203,1498222979228,far,,80ec3f676e17debf
1498222970203,1498222979255,far,,80ec3f676e17debf
1498222970203,1498222979274,far,,80ec3f676e17debf
1498222970203,1498222979291,far,,80ec3f676e17debf
1498222970203,1498222979317,far,,80ec3f676e17debf
1498222970203,1498222979337,far,,80ec3f676e17debf
1498222970203,1498222979356,far,,80ec3f676e17debf
1498222970203,1498222979381,far,,80ec3f676e17debf
1498222970203,1498222979404,far,,80ec3f676e17debf
1498222970203,1498222979438,far,,80ec3f676e17debf
1498222970203,1498222979457,far,,80ec3f676e17debf
1498222970203,1498222979471,far,,80ec3f676e17debf
1498222970203,1498222979496,far,,80ec3f676e17debf
1498222970203,1498222979523,far,,80ec3f676e17debf
1498222970203,1498222979555,far,,80ec3f676e17debf
1498222970203,1498222979573,far,,80ec3f676e17debf
1498222970203,1498222979600,far,,80ec3f676e17debf
1498222970203,1498222979633,far,,80ec3f676e17debf
1498222970203,1498222979652,far,,80ec3f676e17debf
1498222970203,1498222979683,far,,80ec3f676e17debf
1498222970203,1498222979761,far,,80ec3f676e17debf
1498222970203,1498222979786,far,,80ec3f676e17debf
1498222970203,1498222979824,far,,80ec3f676e17debf
1498222970203,1498222979865,far,,80ec3f676e17debf
1498222970203,1498222979884,far,,80ec3f676e17debf
1498222970203,1498222979924,far,,80ec3f676e17debf
1498222970203,1498222979946,far,,80ec3f676e17debf
1498222970203,1498222979967,far,,80ec3f676e17debf
1498222970203,1498222979975,far,,80ec3f676e17debf
1498222970203,1498222979989,far,,80ec3f676e17debf
1498222970203,1498222980016,far,,80ec3f676e17debf
1498222970203,1498222980034,far,,80ec3f676e17debf
1498222970203,1498222980049,far,,80ec3f676e17debf
1498222970203,1498222980060,far,,80ec3f676e17debf
1498222970203,1498222980073,far,,80ec3f676e17debf
1498222970203,1498222980094,far,,80ec3f676e17debf
1498222970203,1498222980119,far,,80ec3f676e17debf
1498222970203,1498222980151,far,,80ec3f676e17debf
1498222970203,1498222980175,far,,80ec3f676e17debf
1498222970203,1498222980188,far,,80ec3f676e17debf
1498222970203,1498222980210,far,,80ec3f676e17debf
1498222970203,1498222980231,far,,80ec3f676e17debf
1498222970203,1498222980250,far,,80ec3f676e17debf
1498222970203,1498222980272,far,,80ec3f676e17debf
1498222970203,1498222980296,far,,80ec3f676e17debf
1498222970203,1498222980320,far,,80ec3f676e17debf
1498222970203,1498222980343,far,,80ec3f676e17debf
1498222970203,1498222980360,far,,80ec3f676e17debf
1498222970203,1498222980369,far,,80ec3f676e17debf
1498222970203,1498222980383,far,,80ec3f676e17debf
1498222970203,1498222980434,far,,80ec3f676e17debf
1498222970203,1498222980471,far,,80ec3f676e17debf
1498222970203,1498222980499,far,,80ec3f676e17debf
1498222970203,1498222980563,far,,80ec3f676e17debf
1498222970203,1498222980581,far,,80ec3f676e17debf
1498222970203,1498222980619,far,,80ec3f676e17debf
1498222970203,1498222980630,far,,80ec3f676e17debf
1498222970203,1498222980655,far,,80ec3f676e17debf
1498222970203,1498222980671,far,,80ec3f676e17debf
1498222970203,1498222980695,far,,80ec3f676e17debf
1498222970203,1498222980718,far,,80ec3f676e17debf
1498222970203,1498222980767,far,,80ec3f676e17debf
1498222970203,1498222980783,far,,80ec3f676e17debf
1498222970203,1498222980815,far,,80ec3f676e17debf
1498222970203,1498222980843,far,,80ec3f676e17debf
1498222970203,1498222980867,far,,80ec3f676e17debf
1498222970203,1498222980886,far,,80ec3f676e17debf
1498222970203,1498222980915,far,,80ec3f676e17debf
1498222970203,1498222980934,far,,80ec3f676e17debf
1498222970203,1498222980957,far,,80ec3f676e17debf
1498222970203,1498222980972,far,,80ec3f676e17debf
1498222970203,1498222980993,far,,80ec3f676e17debf
1498222970203,1498222981027,far,,80ec3f676e17debf
1498222970203,1498222981042,far,,80ec3f676e17debf
1498222970203,1498222981063,far,,80ec3f676e17debf
1498222970203,1498222981086,far,,80ec3f676e17debf
1498222970203,1498222981133,far,,80ec3f676e17debf
1498222970203,1498222981155,far,,80ec3f676e17debf
1498222970203,1498222981188,far,,80ec3f676e17debf
1498222970203,1498222981239,far,,80ec3f676e17debf
1498222970203,1498222981261,far,,80ec3f676e17debf
1498222970203,1498222981285,far,,80ec3f676e17debf
1498222970203,1498222981342,far,,80ec3f676e17debf
1498222970203,1498222981376,far,,80ec3f676e17debf
1498222970203,1498222981410,far,,80ec3f676e17debf
1498222970203,1498222981445,far,,80ec3f676e17debf
1498222970203,1498222981467,far,,80ec3f676e17debf
1498222970203,1498222981486,far,,80ec3f676e17debf
1498222970203,1498222981523,far,,80ec3f676e17debf
1498222970203,1498222981545,far,,80ec3f676e17debf
1498222970203,1498222981559,far,,80ec3f676e17debf
1498222970203,1498222981578,far,,80ec3f676e17debf
1498222970203,1498222981596,far,,80ec3f676e17debf
1498222970203,1498222981617,far,,80ec3f676e17debf
1498222970203,1498222981640,far,,80ec3f676e17debf
1498222970203,1498222981656,far,,80ec3f676e17debf
1498222970203,1498222981674,far,,80ec3f676e17debf
1498222970203,1498222981707,far,,80ec3f676e17debf
1498222970203,1498222982196,far,,80ec3f676e17debf
1498222970203,1498222982279,far,,80ec3f676e17debf
1498222970203,1498222982302,far,,80ec3f676e17debf
1498222970203,1498222982345,far,,80ec3f676e17debf
1498222970203,1498222982372,far,,80ec3f676e17debf
1498222970203,1498222982396,far,,80ec3f676e17debf
1498222970203,1498222982424,far,,80ec3f676e17debf
1498222970203,1498222982441,far,,80ec3f676e17debf
1498222970203,1498222982461,far,,80ec3f676e17debf
1498222970203,1498222982482,far,,80ec3f676e17debf
1498222970203,1498222982518,far,,80ec3f676e17debf
1498222970203,1498222982554,far,,80ec3f676e17debf
1498222970203,1498222982568,far,,80ec3f676e17debf
1498222970203,1498222982582,far,,80ec3f676e17debf
1498222970203,1498222982617,far,,80ec3f676e17debf
1498222970203,1498222982637,far,,80ec3f676e17debf
1498222970203,1498222982661,far,,80ec3f676e17debf
1498222970203,1498222982679,far,,80ec3f676e17debf
1498222970203,1498222982705,far,,80ec3f676e17debf
1498222970203,1498222982730,far,,80ec3f676e17debf
1498222970203,1498222982750,far,,80ec3f676e17debf
1498222970203,1498222982764,far,,80ec3f676e17debf
1498222970203,1498222982774,far,,80ec3f676e17debf
1498222970203,1498222982791,far,,80ec3f676e17debf
1498222970203,1498222982823,far,,80ec3f676e17debf
1498222970203,1498222982847,far,,80ec3f676e17debf
1498222970203,1498222982863,far,,80ec3f676e17debf
1498222970203,1498222982879,far,,80ec3f676e17debf
1498222970203,1498222982901,far,,80ec3f676e17debf
1498222970203,1498222982924,far,,80ec3f676e17debf
1498222970203,1498222982943,far,,80ec3f676e17debf
1498222970203,1498222982965,far,,80ec3f676e17debf
1498222970203,1498222982979,far,,80ec3f676e17debf
1498222970203,1498222983001,far,,80ec3f676e17debf
1498222970203,1498222983034,far,,80ec3f676e17debf
1498222970203,1498222983049,far,,80ec3f676e17debf
1498222970203,1498222983063,far,,80ec3f676e17debf
1498222970203,1498222983083,far,,80ec3f676e17debf
1498222970203,1498222983113,far,,80ec3f676e17debf
1498222970203,1498222983190,far,,80ec3f676e17debf
1498222970203,1498222983239,far,,80ec3f676e17debf
1498222970203,1498222983263,far,,80ec3f676e17debf
1498222970203,1498222983284,far,,80ec3f676e17debf
1498222970203,1498222983319,far,,80ec3f676e17debf
1498222970203,1498222983336,far,,80ec3f676e17debf
1498222970203,1498222983351,far,,80ec3f676e17debf
1498222970203,1498222983372,far,,80ec3f676e17debf
1498222970203,1498222983399,far,,80ec3f676e17debf
1498222970203,1498222983426,far,,80ec3f676e17debf
1498222970203,1498222983456,far,,80ec3f676e17debf
1498222970203,1498222983473,far,,80ec3f676e17debf
1498222970203,1498222983503,far,,80ec3f676e17debf
1498222970203,1498222983569,far,,80ec3f676e17debf
1498222970203,1498222983577,far,,80ec3f676e17debf
1498222970203,1498222983596,far,,80ec3f676e17debf
1498222970203,1498222983626,far,,80ec3f676e17debf
1498222970203,1498222983646,far,,80ec3f676e17debf
1498222970203,1498222983665,far,,80ec3f676e17debf
1498222970203,1498222983681,far,,80ec3f676e17debf
1498222970203,1498222983715,far,,80ec3f676e17debf
1498222970203,1498222983741,far,,80ec3f676e17debf
1498222970203,1498222983762,far,,80ec3f676e17debf
1498222970203,1498222983788,far,,80ec3f676e17debf
1498222970203,1498222983822,far,,80ec3f676e17debf
1498222970203,1498222983846,far,,80ec3f676e17debf
1498222970203,1498222983863,far,,80ec3f676e17debf
1498222970203,1498222983887,far,,80ec3f676e17debf
1498222970203,1498222983922,far,,80ec3f676e17debf
1498222970203,1498222983946,far,,80ec3f676e17debf
1498222970203,1498222983962,far,,80ec3f676e17debf
1498222970203,1498222983990,far,,80ec3f676e17debf
1498222970203,1498222984039,far,,80ec3f676e17debf
1498222970203,1498222984065,far,,80ec3f676e17debf
1498222970203,1498222984083,far,,80ec3f676e17debf
1498222970203,1498222984114,far,,80ec3f676e17debf
1498222970203,1498222984138,far,,80ec3f676e17debf
1498222970203,1498222984155,far,,80ec3f676e17debf
1498222970203,1498222984176,far,,80ec3f676e17debf
1498222970203,1498222984197,far,,80ec3f676e17debf
1498222970203,1498222984217,far,,80ec3f676e17debf
1498222970203,1498222984239,far,,80ec3f676e17debf
1498222970203,1498222984256,far,,80ec3f676e17debf
1498222970203,1498222984274,far,,80ec3f676e17debf
1498222970203,1498222984297,far,,80ec3f676e17debf
1498222970203,1498222984334,far,,80ec3f676e17debf
1498222970203,1498222984372,far,,80ec3f676e17debf
1498222970203,1498222984407,far,,80ec3f676e17debf
1498222970203,1498222984431,far,,80ec3f676e17debf
1498222970203,1498222984455,far,,80ec3f676e17debf
1498222970203,1498222984477,far,,80ec3f676e17debf
1498222970203,1498222984494,far,,80ec3f676e17debf
1498222970203,1498222984522,far,,80ec3f676e17debf
1498222970203,1498222984541,far,,80ec3f676e17debf
1498222970203,1498222984558,far,,80ec3f676e17debf
1498222970203,1498222984579,far,,80ec3f676e17debf
1498222970203,1498222984606,far,,80ec3f676e17debf
1498222970203,1498222984683,far,,80ec3f676e17debf
1498222970203,1498222984767,far,,80ec3f676e17debf
1498222970203,1498222984801,far,,80ec3f676e17debf
1498222970203,1498222984853,far,,80ec3f676e17debf
1498222970203,1498222984868,far,,80ec3f676e17debf
1498222970203,1498222984885,far,,80ec3f676e17debf
1498222970203,1498222984932,far,,80ec3f676e17debf
1498222970203,1498222984957,far,,80ec3f676e17debf
1498222970203,1498222984974,far,,80ec3f676e17debf
1498222970203,1498222984995,far,,80ec3f676e17debf
1498222970203,1498222985056,far,,80ec3f676e17debf
1498222970203,1498222985074,far,,80ec3f676e17debf
1498222970203,1498222985091,far,,80ec3f676e17debf
1498222970203,1498222985129,far,,80ec3f676e17debf
1498222970203,1498222985145,far,,80ec3f676e17debf
1498222970203,1498222985160,far,,80ec3f676e17debf
1498222970203,1498222985170,far,,80ec3f676e17debf
1498222970203,1498222985188,far,,80ec3f676e17debf
1498222970203,1498222985228,far,,80ec3f676e17debf
1498222970203,1498222985250,far,,80ec3f676e17debf
1498222970203,1498222985265,far,,80ec3f676e17debf
1498222970203,1498222985282,far,,80ec3f676e17debf
1498222970203,1498222985303,far,,80ec3f676e17debf
1498222970203,1498222985335,far,,80ec3f676e17debf
1498222970203,1498222985355,far,,80ec3f676e17debf
1498222970203,1498222985373,far,,80ec3f676e17debf
1498222970203,1498222985392,far,,80ec3f676e17debf
1498222970203,1498222985425,far,,80ec3f676e17debf
1498222970203,1498222985442,far,,80ec3f676e17debf
1498222970203,1498222985464,far,,80ec3f676e17debf
1498222970203,1498222985480,far,,80ec3f676e17debf
1498222970203,1498222985496,far,,80ec3f676e17debf
1498222970203,1498222985522,far,,80ec3f676e17debf
1498222970203,1498222985549,far,,80ec3f676e17debf
1498222970203,1498222985567,far,,80ec3f676e17debf
1498222970203,1498222985583,far,,80ec3f676e17debf
1498222970203,1498222985614,far,,80ec3f676e17debf
1498222970203,1498222985634,far,,80ec3f676e17debf
1498222970203,1498222985651,far,,80ec3f676e17debf
1498222970203,1498222985673,far,,80ec3f676e17debf
1498222970203,1498222985691,far,,80ec3f676e17debf
1498222970203,1498222985719,far,,80ec3f676e17debf
1498222970203,1498222985743,far,,80ec3f676e17debf
1498222970203,1498222985763,far,,80ec3f676e17debf
1498222970203,1498222985784,far,,80ec3f676e17debf
1498222970203,1498222985820,far,,80ec3f676e17debf
1498222970203,1498222985846,far,,80ec3f676e17debf
1498222970203,1498222985865,far,,80ec3f676e17debf
1498222970203,1498222985881,far,,80ec3f676e17debf
1498222970203,1498222985905,far,,80ec3f676e17debf
1498222970203,1498222985928,far,,80ec3f676e17debf
1498222970203,1498222985946,far,,80ec3f676e17debf
1498222970203,1498222985961,far,,80ec3f676e17debf
1498222970203,1498222985980,far,,80ec3f676e17debf
1498222970203,1498222985999,far,,80ec3f676e17debf
1498222970203,1498222986028,far,,80ec3f676e17debf
1498222970203,1498222986043,far,,80ec3f676e17debf
1498222970203,1498222986062,far,,80ec3f676e17debf
1498222970203,1498222986078,far,,80ec3f676e17debf
1498222970203,1498222986096,far,,80ec3f676e17debf
1498222970203,1498222986123,far,,80ec3f676e17debf
1498222970203,1498222986148,far,,80ec3f676e17debf
1498222970203,1498222986163,far,,80ec3f676e17debf
1498222970203,1498222986183,far,,80ec3f676e17debf
1498222970203,1498222986211,far,,80ec3f676e17debf
1498222970203,1498222986232,far,,80ec3f676e17debf
1498222970203,1498222986252,far,,80ec3f676e17debf
1498222970203,1498222986271,far,,80ec3f676e17debf
1498222970203,1498222986292,far,,80ec3f676e17debf
1498222970203,1498222986326,far,,80ec3f676e17debf
1498222970203,1498222986351,far,,80ec3f676e17debf
1498222970203,1498222986376,far,,80ec3f676e17debf
1498222970203,1498222986401,far,,80ec3f676e17debf
1498222970203,1498222986431,far,,80ec3f676e17debf
1498222970203,1498222986448,far,,80ec3f676e17debf
1498222970203,1498222986461,far,,80ec3f676e17debf
1498222970203,1498222986475,far,,80ec3f676e17debf
1498222970203,1498222986497,far,,80ec3f676e17debf
1498222970203,1498222986552,far,,80ec3f676e17debf
1498222970203,1498222986584,far,,80ec3f676e17debf
1498222970203,1498222986636,far,,80ec3f676e17debf
1498222970203,1498222986666,far,,80ec3f676e17debf
1498222970203,1498222986694,far,,80ec3f676e17debf
1498222970203,1498222986727,far,,80ec3f676e17debf
1498222970203,1498222986742,far,,80ec3f676e17debf
1498222970203,1498222986762,far,,80ec3f676e17debf
1498222970203,1498222986790,far,,80ec3f676e17debf
1498222970203,1498222986826,far,,80ec3f676e17debf
1498222970203,1498222986848,far,,80ec3f676e17debf
1498222970203,1498222986866,far,,80ec3f676e17debf
1498222970203,1498222986886,far,,80ec3f676e17debf
1498222970203,1498222986919,far,,80ec3f676e17debf
1498222970203,1498222986936,far,,80ec3f676e17debf
1498222970203,1498222986955,far,,80ec3f676e17debf
1498222970203,1498222986971,far,,80ec3f676e17debf
1498222970203,1498222986989,far,,80ec3f676e17debf
1498222970203,1498222987022,far,,80ec3f676e17debf
1498222970203,1498222987047,far,,80ec3f676e17debf
1498222970203,1498222987065,far,,80ec3f676e17debf
1498222970203,1498222987081,far,,80ec3f676e17debf
1498222970203,1498222987116,far,,80ec3f676e17debf
1498222970203,1498222987135,far,,80ec3f676e17debf
1498222970203,1498222987154,far,,80ec3f676e17debf
1498222970203,1498222987171,far,,80ec3f676e17debf
1498222970203,1498222987191,far,,80ec3f676e17debf
1498222970203,1498222987217,far,,80ec3f676e17debf
1498222970203,1498222987234,far,,80ec3f676e17debf
1498222970203,1498222987252,far,,80ec3f676e17debf
1498222970203,1498222987267,far,,80ec3f676e17debf
1498222970203,1498222987279,far,,80ec3f676e17debf
1498222970203,1498222987298,far,,80ec3f676e17debf
1498222970203,1498222987325,far,,80ec3f676e17debf
1498222970203,1498222987345,far,,80ec3f676e17debf
1498222970203,1498222987361,far,,80ec3f676e17debf
1498222970203,1498222987379,far,,80ec3f676e17debf
1498222970203,1498222987397,far,,80ec3f676e17debf
1498222970203,1498222987429,far,,80ec3f676e17debf
1498222970203,1498222987445,far,,80ec3f676e17debf
1498222970203,1498222987463,far,,80ec3f676e17debf
1498222970203,1498222987487,far,,80ec3f676e17debf
1498222970203,1498222987514,far,,80ec3f676e17debf
1498222970203,1498222987557,far,,80ec3f676e17debf
1498222970203,1498222987565,far,,80ec3f676e17debf
1498222970203,1498222987580,far,,80ec3f676e17debf
1498222970203,1498222987599,far,,80ec3f676e17debf
1498222970203,1498222987653,far,,80ec3f676e17debf
1498222970203,1498222987688,far,,80ec3f676e17debf
1498222970203,1498222987714,far,,80ec3f676e17debf
1498222970203,1498222987729,far,,80ec3f676e17debf
1498222970203,1498222987741,far,,80ec3f676e17debf
1498222970203,1498222987757,far,,80ec3f676e17debf
1498222970203,1498222987764,far,,80ec3f676e17debf
1498222970203,1498222987779,far,,80ec3f676e17debf
1498222970203,1498222987793,far,,80ec3f676e17debf
1498222970203,1498222987828,far,,80ec3f676e17debf
1498222970203,1498222987849,far,,80ec3f676e17debf
1498222970203,1498222987861,far,,80ec3f676e17debf
1498222970203,1498222987878,far,,80ec3f676e17debf
1498222970203,1498222987896,far,,80ec3f676e17debf
1498222970203,1498222987920,far,,80ec3f676e17debf
1498222970203,1498222987942,far,,80ec3f676e17debf
1498222970203,1498222987957,far,,80ec3f676e17debf
1498222970203,1498222987973,far,,80ec3f676e17debf
1498222970203,1498222987996,far,,80ec3f676e17debf
1498222970203,1498222988053,far,,80ec3f676e17debf
1498222970203,1498222988063,far,,80ec3f676e17debf
1498222970203,1498222988075,far,,80ec3f676e17debf
1498222970203,1498222988093,far,,80ec3f676e17debf
1498222970203,1498222988118,far,,80ec3f676e17debf
1498222970203,1498222988138,far,,80ec3f676e17debf
1498222970203,1498222988157,far,,80ec3f676e17debf
1498222970203,1498222988177,far,,80ec3f676e17debf
1498222970203,1498222988212,far,,80ec3f676e17debf
1498222970203,1498222988249,far,,80ec3f676e17debf
1498222970203,1498222988270,far,,80ec3f676e17debf
1498222970203,1498222988290,far,,80ec3f676e17debf
1498222970203,1498222988330,far,,80ec3f676e17debf
1498222970203,1498222988348,far,,80ec3f676e17debf
1498222970203,1498222988371,far,,80ec3f676e17debf
1498222970203,1498222988414,far,,80ec3f676e17debf
1498222970203,1498222988454,far,,80ec3f676e17debf
1498222970203,1498222988474,far,,80ec3f676e17debf
1498222970203,1498222988497,far,,80ec3f676e17debf
1498222970203,1498222988528,far,,80ec3f676e17debf
1498222970203,1498222988552,far,,80ec3f676e17debf
1498222970203,1498222988572,far,,80ec3f676e17debf
1498222970203,1498222988596,far,,80ec3f676e17debf
1498222970203,1498222988633,far,,80ec3f676e17debf
1498222970203,1498222988659,far,,80ec3f676e17debf
1498222970203,1498222988682,far,,80ec3f676e17debf
1498222970203,1498222988730,far,,80ec3f676e17debf
1498222970203,1498222988751,far,,80ec3f676e17debf
1498222970203,1498222988768,far,,80ec3f676e17debf
1498222970203,1498222988785,far,,80ec3f676e17debf
1498222970203,1498222988822,far,,80ec3f676e17debf
1498222970203,1498222988852,far,,80ec3f676e17debf
1498222970203,1498222988870,far,,80ec3f676e17debf
1498222970203,1498222988891,far,,80ec3f676e17debf
1498222970203,1498222988924,far,,80ec3f676e17debf
1498222970203,1498222988952,far,,80ec3f676e17debf
1498222970203,1498222988970,far,,80ec3f676e17debf
1498222970203,1498222988989,far,,80ec3f676e17debf
1498222970203,1498222989022,far,,80ec3f676e17debf
1498222970203,1498222989045,far,,80ec3f676e17debf
1498222970203,1498222989065,far,,80ec3f676e17debf
1498222970203,1498222989079,far,,80ec3f676e17debf
1498222970203,1498222989098,far,,80ec3f676e17debf
1498222970203,1498222989129,far,,80ec3f676e17debf
1498222970203,1498222989158,far,,80ec3f676e17debf
1498222970203,1498222989177,far,,80ec3f676e17debf
1498222970203,1498222989197,far,,80ec3f676e17debf
1498222970203,1498222989233,far,,80ec3f676e17debf
1498222970203,1498222989255,far,,80ec3f676e17debf
1498222970203,1498222989271,far,,80ec3f676e17debf
1498222970203,1498222989290,far,,80ec3f676e17debf
1498222970203,1498222989322,far,,80ec3f676e17debf
1498222970203,1498222989349,far,,80ec3f676e17debf
1498222970203,1498222989368,far,,80ec3f676e17debf
1498222970203,1498222989384,far,,80ec3f676e17debf
1498222970203,1498222989416,far,,80ec3f676e17debf
1498222970203,1498222989451,far,,80ec3f676e17debf
1498222970203,1498222989520,far,,80ec3f676e17debf
1498222970203,1498222989655,far,,80ec3f676e17debf
1498222970203,1498222989691,far,,80ec3f676e17debf
1498222970203,1498222989731,far,,80ec3f676e17debf
1498222970203,1498222989757,far,,80ec3f676e17debf
1498222970203,1498222989776,far,,80ec3f676e17debf
1498222970203,1498222989796,far,,80ec3f676e17debf
1498222970203,1498222989819,far,,80ec3f676e17debf
1498222970203,1498222989835,far,,80ec3f676e17debf
1498222970203,1498222989855,far,,80ec3f676e17debf
1498222970203,1498222989872,far,,80ec3f676e17debf
1498222970203,1498222989895,far,,80ec3f676e17debf
1498222970203,1498222989920,far,,80ec3f676e17debf
1498222970203,1498222989937,far,,80ec3f676e17debf
1498222970203,1498222989950,far,,80ec3f676e17debf
1498222970203,1498222989969,far,,80ec3f676e17debf
1498222970203,1498222989986,far,,80ec3f676e17debf
1498222970203,1498222990023,far,,80ec3f676e17debf
1498222970203,1498222990047,far,,80ec3f676e17debf
1498222970203,1498222990066,far,,80ec3f676e17debf
1498222970203,1498222990081,far,,80ec3f676e17debf
1498222970203,1498222990119,far,,80ec3f676e17debf
1498222970203,1498222990145,far,,80ec3f676e17debf
1498222970203,1498222990166,far,,80ec3f676e17debf
1498222970203,1498222990185,far,,80ec3f676e17debf
1498222970203,1498222990228,far,,80ec3f676e17debf
1498222970203,1498222990249,far,,80ec3f676e17debf
1498222970203,1498222990272,far,,80ec3f676e17debf
1498222970203,1498222990301,far,,80ec3f676e17debf
1498222970203,1498222990354,far,,80ec3f676e17debf
1498222970203,1498222990382,far,,80ec3f676e17debf
1498222970203,1498222990415,far,,80ec3f676e17debf
1498222970203,1498222990437,far,,80ec3f676e17debf
1498222970203,1498222990460,far,,80ec3f676e17debf
1498222970203,1498222990480,far,,80ec3f676e17debf
1498222970203,1498222990512,far,,80ec3f676e17debf
1498222970203,1498222990566,far,,80ec3f676e17debf
1498222970203,1498222990588,far,,80ec3f676e17debf
1498222970203,1498222990632,far,,80ec3f676e17debf
1498222970203,1498222990665,far,,80ec3f676e17debf
1498222970203,1498222990682,far,,80ec3f676e17debf
1498222970203,1498222990711,far,,80ec3f676e17debf
1498222970203,1498222990729,far,,80ec3f676e17debf
1498222970203,1498222990744,far,,80ec3f676e17debf
1498222970203,1498222990790,far,,80ec3f676e17debf
1498222970203,1498222990825,far,,80ec3f676e17debf
1498222970203,1498222990863,far,,80ec3f676e17debf
1498222970203,1498222990887,far,,80ec3f676e17debf
1498222970203,1498222990920,far,,80ec3f676e17debf
1498222970203,1498222990943,far,,80ec3f676e17debf
1498222970203,1498222990958,far,,80ec3f676e17debf
1498222970203,1498222990975,far,,80ec3f676e17debf
1498222970203,1498222990988,far,,80ec3f676e17debf
1498222970203,1498222991037,far,,80ec3f676e17debf
1498222970203,1498222991052,far,,80ec3f676e17debf
1498222970203,1498222991065,far,,80ec3f676e17debf
1498222970203,1498222991078,far,,80ec3f676e17debf
1498222970203,1498222991100,far,,80ec3f676e17debf
1498222970203,1498222991118,far,,80ec3f676e17debf
1498222970203,1498222991136,far,,80ec3f676e17debf
1498222970203,1498222991150,far,,80ec3f676e17debf
1498222970203,1498222991166,far,,80ec3f676e17debf
1498222970203,1498222991184,far,,80ec3f676e17debf
1498222970203,1498222991215,far,,80ec3f676e17debf
1498222970203,1498222991239,far,,80ec3f676e17debf
1498222970203,1498222991253,far,,80ec3f676e17debf
1498222970203,1498222991272,far,,80ec3f676e17debf
1498222970203,1498222991290,far,,80ec3f676e17debf
1498222970203,1498222991315,far,,80ec3f676e17debf
1498222970203,1498222991331,far,,80ec3f676e17debf
1498222970203,1498222991346,far,,80ec3f676e17debf
1498222970203,1498222991358,far,,80ec3f676e17debf
1498222970203,1498222991373,far,,80ec3f676e17debf
1498222970203,1498222991395,far,,80ec3f676e17debf
1498222970203,1498222991425,far,,80ec3f676e17debf
1498222970203,1498222991450,far,,80ec3f676e17debf
1498222970203,1498222991474,far,,80ec3f676e17debf
1498222970203,1498222991497,far,,80ec3f676e17debf
1498222970203,1498222991527,far,,80ec3f676e17debf
1498222970203,1498222991550,far,,80ec3f676e17debf
1498222970203,1498222991563,far,,80ec3f676e17debf
1498222970203,1498222991577,far,,80ec3f676e17debf
1498222970203,1498222991598,far,,80ec3f676e17debf
1498222970203,1498222991633,far,,80ec3f676e17debf
1498222970203,1498222991662,far,,80ec3f676e17debf
1498222970203,1498222991677,far,,80ec3f676e17debf
1498222970203,1498222991702,far,,80ec3f676e17debf
1498222970203,1498222992325,far,,80ec3f676e17debf
1498222970203,1498222992374,far,,80ec3f676e17debf
1498222970203,1498222992401,far,,80ec3f676e17debf
1498222970203,1498222992435,far,,80ec3f676e17debf
1498222970203,1498222992470,far,,80ec3f676e17debf
1498222970203,1498222992492,far,,80ec3f676e17debf
1498222970203,1498222992542,far,,80ec3f676e17debf
1498222970203,1498222992557,far,,80ec3f676e17debf
1498222970203,1498222992577,far,,80ec3f676e17debf
1498222970203,1498222992596,far,,80ec3f676e17debf
1498222970203,1498222992616,far,,80ec3f676e17debf
1498222970203,1498222992636,far,,80ec3f676e17debf
1498222970203,1498222992661,far,,80ec3f676e17debf
1498222970203,1498222992679,far,,80ec3f676e17debf
1498222970203,1498222992710,far,,80ec3f676e17debf
1498222970203,1498222992733,far,,80ec3f676e17debf
1498222970203,1498222992756,far,,80ec3f676e17debf
1498222970203,1498222992779,far,,80ec3f676e17debf
1498222970203,1498222992805,far,,80ec3f676e17debf
1498222970203,1498222992839,far,,80ec3f676e17debf
1498222970203,1498222992859,far,,80ec3f676e17debf
1498222970203,1498222992877,far,,80ec3f676e17debf
1498222970203,1498222992898,far,,80ec3f676e17debf
1498222970203,1498222992927,far,,80ec3f676e17debf
1498222970203,1498222992945,far,,80ec3f676e17debf
1498222970203,1498222992961,far,,80ec3f676e17debf
1498222970203,1498222992981,far,,80ec3f676e17debf
1498222970203,1498222993027,far,,80ec3f676e17debf
1498222970203,1498222993052,far,,80ec3f676e17debf
1498222970203,1498222993076,far,,80ec3f676e17debf
1498222970203,1498222993101,far,,80ec3f676e17debf
1498222970203,1498222993134,far,,80ec3f676e17debf
1498222970203,1498222993152,far,,80ec3f676e17debf
1498222970203,1498222993173,far,,80ec3f676e17debf
1498222970203,1498222993195,far,,80ec3f676e17debf
1498222970203,1498222993223,far,,80ec3f676e17debf
1498222970203,1498222993240,far,,80ec3f676e17debf
1498222970203,1498222993255,far,,80ec3f676e17debf
1498222970203,1498222993278,far,,80ec3f676e17debf
1498222970203,1498222993296,far,,80ec3f676e17debf
1498222970203,1498222993326,far,,80ec3f676e17debf
1498222970203,1498222993343,far,,80ec3f676e17debf
1498222970203,1498222993360,far,,80ec3f676e17debf
1498222970203,1498222993380,far,,80ec3f676e17debf
1498222970203,1498222993414,far,,80ec3f676e17debf
1498222970203,1498222993429,far,,80ec3f676e17debf
1498222970203,1498222993441,far,,80ec3f676e17debf
1498222970203,1498222993463,far,,80ec3f676e17debf
1498222970203,1498222993479,far,,80ec3f676e17debf
1498222970203,1498222993498,far,,80ec3f676e17debf
1498222970203,1498222993525,far,,80ec3f676e17debf
1498222970203,1498222993535,far,,80ec3f676e17debf
1498222970203,1498222993550,far,,80ec3f676e17debf
1498222970203,1498222993558,far,,80ec3f676e17debf
1498222970203,1498222993580,far,,80ec3f676e17debf
1498222970203,1498222993600,far,,80ec3f676e17debf
1498222970203,1498222993641,far,,80ec3f676e17debf
1498222970203,1498222993685,far,,80ec3f676e17debf
1498222970203,1498222994469,far,,80ec3f676e17debf
1498222970203,1498222994572,far,,80ec3f676e17debf
1498222970203,1498222994596,far,,80ec3f676e17debf
1498222970203,1498222994634,far,,80ec3f676e17debf
1498222970203,1498222994656,far,,80ec3f676e17debf
1498222970203,1498222994685,far,,80ec3f676e17debf
1498222970203,1498222994736,far,,80ec3f676e17debf
1498222970203,1498222994754,far,,80ec3f676e17debf
1498222970203,1498222994781,far,,80ec3f676e17debf
1498222970203,1498222994802,far,,80ec3f676e17debf
1498222970203,1498222994828,far,,80ec3f676e17debf
1498222970203,1498222994847,far,,80ec3f676e17debf
1498222970203,1498222994866,far,,80ec3f676e17debf
1498222970203,1498222994878,far,,80ec3f676e17debf
1498222970203,1498222994890,far,,80ec3f676e17debf
1498222970203,1498222994921,far,,80ec3f676e17debf
1498222970203,1498222994937,far,,80ec3f676e17debf
1498222970203,1498222994952,far,,80ec3f676e17debf
1498222970203,1498222994971,far,,80ec3f676e17debf
1498222970203,1498222994989,far,,80ec3f676e17debf
1498222970203,1498222995026,far,,80ec3f676e17debf
1498222970203,1498222995046,far,,80ec3f676e17debf
1498222970203,1498222995067,far,,80ec3f676e17debf
1498222970203,1498222995085,far,,80ec3f676e17debf
1498222970203,1498222995118,far,,80ec3f676e17debf
1498222970203,1498222995143,far,,80ec3f676e17debf
1498222970203,1498222995163,far,,80ec3f676e17debf
1498222970203,1498222995186,far,,80ec3f676e17debf
1498222970203,1498222995217,far,,80ec3f676e17debf
1498222970203,1498222995235,far,,80ec3f676e17debf
1498222970203,1498222995261,far,,80ec3f676e17debf
1498222970203,1498222995281,far,,80ec3f676e17debf
1498222970203,1498222995315,far,,80ec3f676e17debf
1498222970203,1498222995331,far,,80ec3f676e17debf
1498222970203,1498222995348,far,,80ec3f676e17debf
1498222970203,1498222995364,far,,80ec3f676e17debf
1498222970203,1498222995381,far,,80ec3f676e17debf
1498222970203,1498222995414,far,,80ec3f676e17debf
1498222970203,1498222995438,far,,80ec3f676e17debf
1498222970203,1498222995459,far,,80ec3f676e17debf
1498222970203,1498222995474,far,,80ec3f676e17debf
1498222970203,1498222995495,far,,80ec3f676e17debf
1498222970203,1498222995546,far,,80ec3f676e17debf
1498222970203,1498222995560,far,,80ec3f676e17debf
1498222970203,1498222995575,far,,80ec3f676e17debf
1498222970203,1498222995594,far,,80ec3f676e17debf
1498222970203,1498222995632,far,,80ec3f676e17debf
1498222970203,1498222995662,far,,80ec3f676e17debf
1498222970203,1498222995680,far,,80ec3f676e17debf
1498222970203,1498222995700,far,,80ec3f676e17debf
1498222970203,1498222995730,far,,80ec3f676e17debf
1498222970203,1498222995755,far,,80ec3f676e17debf
1498222970203,1498222995777,far,,80ec3f676e17debf
1498222970203,1498222995792,far,,80ec3f676e17debf
1498222970203,1498222995828,far,,80ec3f676e17debf
1498222970203,1498222995847,far,,80ec3f676e17debf
1498222970203,1498222995866,far,,80ec3f676e17debf
1498222970203,1498222995883,far,,80ec3f676e17debf
1498222970203,1498222995921,far,,80ec3f676e17debf
1498222970203,1498222995944,far,,80ec3f676e17debf
1498222970203,1498222995959,far,,80ec3f676e17debf
1498222970203,1498222995973,far,,80ec3f676e17debf
1498222970203,1498222995990,far,,80ec3f676e17debf
1498222970203,1498222996026,far,,80ec3f676e17debf
1498222970203,1498222996047,far,,80ec3f676e17debf
1498222970203,1498222996070,far,,80ec3f676e17debf
1498222970203,1498222996092,far,,80ec3f676e17debf
1498222970203,1498222996133,far,,80ec3f676e17debf
1498222970203,1498222996151,far,,80ec3f676e17debf
1498222970203,1498222996162,far,,80ec3f676e17debf
1498222970203,1498222996189,far,,80ec3f676e17debf
1498222970203,1498222996217,far,,80ec3f676e17debf
1498222970203,1498222996227,far,,80ec3f676e17debf
1498222970203,1498222996244,far,,80ec3f676e17debf
1498222970203,1498222996261,far,,80ec3f676e17debf
1498222970203,1498222996281,far,,80ec3f676e17debf
1498222970203,1498222996294,far,,80ec3f676e17debf
1498222970203,1498222996319,far,,80ec3f676e17debf
1498222970203,1498222996342,far,,80ec3f676e17debf
1498222970203,1498222996359,far,,80ec3f676e17debf
1498222970203,1498222996378,far,,80ec3f676e17debf
1498222970203,1498222996396,far,,80ec3f676e17debf
1498222970203,1498222996422,far,,80ec3f676e17debf
1498222970203,1498222996437,far,,80ec3f676e17debf
1498222970203,1498222996453,far,,80ec3f676e17debf
1498222970203,1498222996498,far,,80ec3f676e17debf
1498222970203,1498222996521,far,,80ec3f676e17debf
1498222970203,1498222996538,far,,80ec3f676e17debf
1498222970203,1498222996561,far,,80ec3f676e17debf
1498222970203,1498222996586,far,,80ec3f676e17debf
1498222970203,1498222996630,far,,80ec3f676e17debf
1498222970203,1498222996671,far,,80ec3f676e17debf
1498222970203,1498222996722,far,,80ec3f676e17debf
1498222970203,1498222996754,far,,80ec3f676e17debf
1498222970203,1498222996772,far,,80ec3f676e17debf
1498222970203,1498222996787,far,,80ec3f676e17debf
1498222970203,1498222996817,far,,80ec3f676e17debf
1498222970203,1498222996833,far,,80ec3f676e17debf
1498222970203,1498222996848,far,,80ec3f676e17debf
1498222970203,1498222996867,far,,80ec3f676e17debf
1498222970203,1498222996883,far,,80ec3f676e17debf
1498222970203,1498222996916,far,,80ec3f676e17debf
1498222970203,1498222996935,far,,80ec3f676e17debf
1498222970203,1498222996950,far,,80ec3f676e17debf
1498222970203,1498222996961,far,,80ec3f676e17debf
1498222970203,1498222996976,far,,80ec3f676e17debf
1498222970203,1498222996995,far,,80ec3f676e17debf
1498222970203,1498222997039,far,,80ec3f676e17debf
1498222970203,1498222997056,far,,80ec3f676e17debf
1498222970203,1498222997066,far,,80ec3f676e17debf
1498222970203,1498222997081,far,,80ec3f676e17debf
1498222970203,1498222997108,far,,80ec3f676e17debf
1498222970203,1498222997120,far,,80ec3f676e17debf
1498222970203,1498222997129,far,,80ec3f676e17debf
1498222970203,1498222997143,far,,80ec3f676e17debf
1498222970203,1498222997155,far,,80ec3f676e17debf
1498222970203,1498222997182,far,,80ec3f676e17debf
1498222970203,1498222997214,far,,80ec3f676e17debf
1498222970203,1498222997244,far,,80ec3f676e17debf
1498222970203,1498222997262,far,,80ec3f676e17debf
1498222970203,1498222997278,far,,80ec3f676e17debf
1498222970203,1498222997298,far,,80ec3f676e17debf
1498222970203,1498222997331,far,,80ec3f676e17debf
1498222970203,1498222997351,far,,80ec3f676e17debf
1498222970203,1498222997362,far,,80ec3f676e17debf
1498222970203,1498222997380,far,,80ec3f676e17debf
1498222970203,1498222997410,far,,80ec3f676e17debf
1498222970203,1498222997426,far,,80ec3f676e17debf
1498222970203,1498222997439,far,,80ec3f676e17debf
1498222970203,1498222997468,far,,80ec3f676e17debf
1498222970203,1498222997486,far,,80ec3f676e17debf
1498222970203,1498222997515,far,,80ec3f676e17debf
1498222970203,1498222997539,far,,80ec3f676e17debf
1498222970203,1498222997555,far,,80ec3f676e17debf
1498222970203,1498222997587,far,,80ec3f676e17debf
1498222970203,1498222997625,far,,80ec3f676e17debf
1498222970203,1498222997642,far,,80ec3f676e17debf
1498222970203,1498222997665,far,,80ec3f676e17debf
1498222970203,1498222997697,far,,80ec3f676e17debf
1498222970203,1498222998336,far,,80ec3f676e17debf
1498222970203,1498222998402,far,,80ec3f676e17debf
1498222970203,1498222998441,far,,80ec3f676e17debf
1498222970203,1498222998464,far,,80ec3f676e17debf
1498222970203,1498222998496,far,,80ec3f676e17debf
1498222970203,1498222998552,far,,80ec3f676e17debf
1498222970203,1498222998566,far,,80ec3f676e17debf
1498222970203,1498222998580,far,,80ec3f676e17debf
1498222970203,1498222998591,far,,80ec3f676e17debf
1498222970203,1498222998616,far,,80ec3f676e17debf
1498222970203,1498222998636,far,,80ec3f676e17debf
1498222970203,1498222998656,far,,80ec3f676e17debf
1498222970203,1498222998681,far,,80ec3f676e17debf
1498222970203,1498222998716,far,,80ec3f676e17debf
1498222970203,1498222998740,far,,80ec3f676e17debf
1498222970203,1498222998756,far,,80ec3f676e17debf
1498222970203,1498222998768,far,,80ec3f676e17debf
1498222970203,1498222998786,far,,80ec3f676e17debf
1498222970203,1498222998817,far,,80ec3f676e17debf
1498222970203,1498222998842,far,,80ec3f676e17debf
1498222970203,1498222998866,far,,80ec3f676e17debf
1498222970203,1498222998879,far,,80ec3f676e17debf
1498222970203,1498222998900,far,,80ec3f676e17debf
1498222970203,1498222998925,far,,80ec3f676e17debf
1498222970203,1498222998945,far,,80ec3f676e17debf
1498222970203,1498222998964,far,,80ec3f676e17debf
1498222970203,1498222998983,far,,80ec3f676e17debf
1498222970203,1498222999019,far,,80ec3f676e17debf
1498222970203,1498222999044,far,,80ec3f676e17debf
1498222970203,1498222999066,far,,80ec3f676e17debf
1498222970203,1498222999081,far,,80ec3f676e17debf
1498222970203,1498222999117,far,,80ec3f676e17debf
1498222970203,1498222999136,far,,80ec3f676e17debf
1498222970203,1498222999154,far,,80ec3f676e17debf
1498222970203,1498222999172,far,,80ec3f676e17debf
1498222970203,1498222999191,far,,80ec3f676e17debf
1498222970203,1498222999229,far,,80ec3f676e17debf
1498222970203,1498222999246,far,,80ec3f676e17debf
1498222970203,1498222999266,far,,80ec3f676e17debf
1498222970203,1498222999281,far,,80ec3f676e17debf
1498222970203,1498222999319,far,,80ec3f676e17debf
1498222970203,1498222999338,far,,80ec3f676e17debf
1498222970203,1498222999357,far,,80ec3f676e17debf
1498222970203,1498222999400,far,,80ec3f676e17debf
1498222970203,1498222999433,far,,80ec3f676e17debf
1498222970203,1498222999457,far,,80ec3f676e17debf
1498222970203,1498222999474,far,,80ec3f676e17debf
1498222970203,1498222999499,far,,80ec3f676e17debf
1498222970203,1498222999525,far,,80ec3f676e17debf
1498222970203,1498222999543,far,,80ec3f676e17debf
1498222970203,1498222999561,far,,80ec3f676e17debf
1498222970203,1498222999579,far,,80ec3f676e17debf
1498222970203,1498222999600,far,,80ec3f676e17debf
1498222970203,1498222999628,far,,80ec3f676e17debf
1498222970203,1498222999652,far,,80ec3f676e17debf
1498222970203,1498222999674,far,,80ec3f676e17debf
1498222970203,1498222999696,far,,80ec3f676e17debf
1498222970203,1498223000428,far,,80ec3f676e17debf
1498222970203,1498223000502,far,,80ec3f676e17debf
1498222970203,1498223000532,far,,80ec3f676e17debf
1498222970203,1498223000555,far,,80ec3f676e17debf
1498222970203,1498223000577,far,,80ec3f676e17debf
1498222970203,1498223000592,far,,80ec3f676e17debf
1498222970203,1498223000628,far,,80ec3f676e17debf
1498222970203,1498223000649,far,,80ec3f676e17debf
1498222970203,1498223000667,far,,80ec3f676e17debf
1498222970203,1498223000683,far,,80ec3f676e17debf
1498222970203,1498223000721,far,,80ec3f676e17debf
1498222970203,1498223000783,far,,80ec3f676e17debf
1498222970203,1498223000821,far,,80ec3f676e17debf
1498222970203,1498223000855,far,,80ec3f676e17debf
1498222970203,1498223000875,far,,80ec3f676e17debf
1498222970203,1498223000902,far,,80ec3f676e17debf
1498222970203,1498223000942,far,,80ec3f676e17debf
1498222970203,1498223000972,far,,80ec3f676e17debf
1498222970203,1498223000996,far,,80ec3f676e17debf
1498222970203,1498223001028,far,,80ec3f676e17debf
1498222970203,1498223001042,far,,80ec3f676e17debf
1498222970203,1498223001060,far,,80ec3f676e17debf
1498222970203,1498223001066,far,,80ec3f676e17debf
1498222970203,1498223001078,far,,80ec3f676e17debf
1498222970203,1498223001099,far,,80ec3f676e17debf
1498222970203,1498223001122,far,,80ec3f676e17debf
1498222970203,1498223001137,far,,80ec3f676e17debf
1498222970203,1498223001153,far,,80ec3f676e17debf
1498222970203,1498223001165,far,,80ec3f676e17debf
1498222970203,1498223001177,far,,80ec3f676e17debf
1498222970203,1498223001191,far,,80ec3f676e17debf
1498222970203,1498223001216,far,,80ec3f676e17debf
1498222970203,1498223001231,far,,80ec3f676e17debf
1498222970203,1498223001251,far,,80ec3f676e17debf
1498222970203,1498223001264,far,,80ec3f676e17debf
1498222970203,1498223001277,far,,80ec3f676e17debf
1498222970203,1498223001298,far,,80ec3f676e17debf
1498222970203,1498223001315,far,,80ec3f676e17debf
1498222970203,1498223001331,far,,80ec3f676e17debf
1498222970203,1498223001343,far,,80ec3f676e17debf
1498222970203,1498223001358,far,,80ec3f676e17debf
1498222970203,1498223001366,far,,80ec3f676e17debf
1498222970203,1498223001379,far,,80ec3f676e17debf
1498222970203,1498223001399,far,,80ec3f676e17debf
1498222970203,1498223001421,far,,80ec3f676e17debf
1498222970203,1498223001446,far,,80ec3f676e17debf
1498222970203,1498223001464,far,,80ec3f676e17debf
1498222970203,1498223001482,far,,80ec3f676e17debf
1498222970203,1498223001531,far,,80ec3f676e17debf
1498222970203,1498223001547,far,,80ec3f676e17debf
1498222970203,1498223001565,far,,80ec3f676e17debf
1498222970203,1498223001586,far,,80ec3f676e17debf
1498222970203,1498223001625,far,,80ec3f676e17debf
1498222970203,1498223001641,far,,80ec3f676e17debf
1498222970203,1498223001661,far,,80ec3f676e17debf
1498222970203,1498223001689,far,,80ec3f676e17debf
1498222970203,1498223001718,far,,80ec3f676e17debf
1498222970203,1498223001744,far,,80ec3f676e17debf
1498222970203,1498223001763,far,,80ec3f676e17debf
1498222970203,1498223001777,far,,80ec3f676e17debf
1498222970203,1498223001794,far,,80ec3f676e17debf
1498222970203,1498223001822,far,,80ec3f676e17debf
1498222970203,1498223001837,far,,80ec3f676e17debf
1498222970203,1498223001853,far,,80ec3f676e17debf
1498222970203,1498223001871,far,,80ec3f676e17debf
1498222970203,1498223001892,far,,80ec3f676e17debf
1498222970203,1498223001924,far,,80ec3f676e17debf
1498222970203,1498223001954,far,,80ec3f676e17debf
1498222970203,1498223001972,far,,80ec3f676e17debf
1498222970203,1498223001992,far,,80ec3f676e17debf
1498222970203,1498223002025,far,,80ec3f676e17debf
1498222970203,1498223002044,far,,80ec3f676e17debf
1498222970203,1498223002063,far,,80ec3f676e17debf
1498222970203,1498223002081,far,,80ec3f676e17debf
1498222970203,1498223002098,far,,80ec3f676e17debf
1498222970203,1498223002128,far,,80ec3f676e17debf
1498222970203,1498223002151,far,,80ec3f676e17debf
1498222970203,1498223002166,far,,80ec3f676e17debf
1498222970203,1498223002183,far,,80ec3f676e17debf
1498222970203,1498223002215,far,,80ec3f676e17debf
1498222970203,1498223002233,far,,80ec3f676e17debf
1498222970203,1498223002258,far,,80ec3f676e17debf
1498222970203,1498223002273,far,,80ec3f676e17debf
1498222970203,1498223002329,far,,80ec3f676e17debf
1498222970203,1498223002369,far,,80ec3f676e17debf
1498222970203,1498223002396,far,,80ec3f676e17debf
1498222970203,1498223002433,far,,80ec3f676e17debf
1498222970203,1498223002462,far,,80ec3f676e17debf
1498222970203,1498223002479,far,,80ec3f676e17debf
1498222970203,1498223002495,far,,80ec3f676e17debf
1498222970203,1498223002512,far,,80ec3f676e17debf
1498222970203,1498223002532,far,,80ec3f676e17debf
1498222970203,1498223002547,far,,80ec3f676e17debf
1498222970203,1498223002567,far,,80ec3f676e17debf
1498222970203,1498223002582,far,,80ec3f676e17debf
1498222970203,1498223002613,far,,80ec3f676e17debf
1498222970203,1498223002651,far,,80ec3f676e17debf
1498222970203,1498223002677,far,,80ec3f676e17debf
1498222970203,1498223002698,far,,80ec3f676e17debf
1498222970203,1498223002735,far,,80ec3f676e17debf
1498222970203,1498223002749,far,,80ec3f676e17debf
1498222970203,1498223002759,far,,80ec3f676e17debf
1498222970203,1498223002771,far,,80ec3f676e17debf
1498222970203,1498223002783,far,,80ec3f676e17debf
1498222970203,1498223002823,far,,80ec3f676e17debf
1498222970203,1498223002839,far,,80ec3f676e17debf
1498222970203,1498223002852,far,,80ec3f676e17debf
1498222970203,1498223002869,far,,80ec3f676e17debf
1498222970203,1498223002883,far,,80ec3f676e17debf
1498222970203,1498223002915,far,,80ec3f676e17debf
1498222970203,1498223002945,far,,80ec3f676e17debf
1498222970203,1498223002968,far,,80ec3f676e17debf
1498222970203,1498223002982,far,,80ec3f676e17debf
1498222970203,1498223003039,far,,80ec3f676e17debf
1498222970203,1498223003054,far,,80ec3f676e17debf
1498222970203,1498223003073,far,,80ec3f676e17debf
1498222970203,1498223003095,far,,80ec3f676e17debf
1498222970203,1498223003143,far,,80ec3f676e17debf
1498222970203,1498223003159,far,,80ec3f676e17debf
1498222970203,1498223003185,far,,80ec3f676e17debf
1498222970203,1498223003222,far,,80ec3f676e17debf
1498222970203,1498223003253,far,,80ec3f676e17debf
1498222970203,1498223003278,far,,80ec3f676e17debf
1498222970203,1498223003302,far,,80ec3f676e17debf
1498222970203,1498223003327,far,,80ec3f676e17debf
1498222970203,1498223003345,far,,80ec3f676e17debf
1498222970203,1498223003362,far,,80ec3f676e17debf
1498222970203,1498223003388,far,,80ec3f676e17debf
1498222970203,1498223003418,far,,80ec3f676e17debf
1498222970203,1498223003434,far,,80ec3f676e17debf
1498222970203,1498223003456,far,,80ec3f676e17debf
1498222970203,1498223003471,far,,80ec3f676e17debf
1498222970203,1498223003495,far,,80ec3f676e17debf
1498222970203,1498223003524,far,,80ec3f676e17debf
1498222970203,1498223003554,far,,80ec3f676e17debf
1498222970203,1498223003584,far,,80ec3f676e17debf
1498222970203,1498223003638,far,,80ec3f676e17debf
1498222970203,1498223003652,far,,80ec3f676e17debf
1498222970203,1498223003675,far,,80ec3f676e17debf
1498222970203,1498223003698,far,,80ec3f676e17debf
1498222970203,1498223003736,far,,80ec3f676e17debf
1498222970203,1498223003756,far,,80ec3f676e17debf
1498222970203,1498223003778,far,,80ec3f676e17debf
1498222970203,1498223003794,far,,80ec3f676e17debf
1498222970203,1498223003835,far,,80ec3f676e17debf
1498222970203,1498223003878,far,,80ec3f676e17debf
1498222970203,1498223003906,far,,80ec3f676e17debf
1498222970203,1498223003942,far,,80ec3f676e17debf
1498222970203,1498223003968,far,,80ec3f676e17debf
1498222970203,1498223003989,far,,80ec3f676e17debf
1498222970203,1498223004072,far,,80ec3f676e17debf
1498222970203,1498223004121,far,,80ec3f676e17debf
1498222970203,1498223004269,far,,80ec3f676e17debf
1498222970203,1498223004390,far,,80ec3f676e17debf
1498222970203,1498223004578,far,,80ec3f676e17debf
1498222970203,1498223006055,far,,80ec3f676e17debf
1498222970203,1498223006153,far,,80ec3f676e17debf
1498222970203,1498223006220,far,,80ec3f676e17debf
1498222970203,1498223006279,far,,80ec3f676e17debf
1498222970203,1498223006305,far,,80ec3f676e17debf
1498222970203,1498223006343,far,,80ec3f676e17debf
1498222970203,1498223006359,far,,80ec3f676e17debf
1498222970203,1498223006382,far,,80ec3f676e17debf
1498222970203,1498223006452,far,,80ec3f676e17debf
1498222970203,1498223006480,far,,80ec3f676e17debf
1498222970203,1498223006495,far,,80ec3f676e17debf
1498222970203,1498223006539,far,,80ec3f676e17debf
1498222970203,1498223006555,far,,80ec3f676e17debf
1498222970203,1498223006568,far,,80ec3f676e17debf
1498222970203,1498223006583,far,,80ec3f676e17debf
1498222970203,1498223006608,far,,80ec3f676e17debf
1498222970203,1498223006625,far,,80ec3f676e17debf
1498222970203,1498223006640,far,,80ec3f676e17debf
1498222970203,1498223006668,far,,80ec3f676e17debf
1498222970203,1498223006682,far,,80ec3f676e17debf
1498222970203,1498223006710,far,,80ec3f676e17debf
1498222970203,1498223006728,far,,80ec3f676e17debf
1498222970203,1498223006748,far,,80ec3f676e17debf
1498222970203,1498223006765,far,,80ec3f676e17debf
1498222970203,1498223006778,far,,80ec3f676e17debf
1498222970203,1498223006795,far,,80ec3f676e17debf
1498222970203,1498223006821,far,,80ec3f676e17debf
1498222970203,1498223006850,far,,80ec3f676e17debf
1498222970203,1498223006858,far,,80ec3f676e17debf
1498222970203,1498223006870,far,,80ec3f676e17debf
1498222970203,1498223006884,far,,80ec3f676e17debf
1498222970203,1498223006916,far,,80ec3f676e17debf
1498222970203,1498223006928,far,,80ec3f676e17debf
1498222970203,1498223006940,far,,80ec3f676e17debf
1498222970203,1498223006957,far,,80ec3f676e17debf
1498222970203,1498223006967,far,,80ec3f676e17debf
1498222970203,1498223006989,far,,80ec3f676e17debf
1498222970203,1498223007028,far,,80ec3f676e17debf
1498222970203,1498223007048,far,,80ec3f676e17debf
1498222970203,1498223007073,far,,80ec3f676e17debf
1498222970203,1498223007098,far,,80ec3f676e17debf
1498222970203,1498223007125,far,,80ec3f676e17debf
1498222970203,1498223007149,far,,80ec3f676e17debf
1498222970203,1498223007163,far,,80ec3f676e17debf
1498222970203,1498223007173,far,,80ec3f676e17debf
1498222970203,1498223007190,far,,80ec3f676e17debf
1498222970203,1498223007208,far,,80ec3f676e17debf
1498222970203,1498223007227,far,,80ec3f676e17debf
1498222970203,1498223007240,far,,80ec3f676e17debf
1498222970203,1498223007251,far,,80ec3f676e17debf
1498222970203,1498223007272,far,,80ec3f676e17debf
1498222970203,1498223007299,far,,80ec3f676e17debf
1498222970203,1498223007379,far,,80ec3f676e17debf
1498222970203,1498223007407,far,,80ec3f676e17debf
1498222970203,1498223007461,far,,80ec3f676e17debf
1498222970203,1498223007477,far,,80ec3f676e17debf
1498222970203,1498223007495,far,,80ec3f676e17debf
1498222970203,1498223007549,far,,80ec3f676e17debf
1498222970203,1498223007566,far,,80ec3f676e17debf
1498222970203,1498223007585,far,,80ec3f676e17debf
1498222970203,1498223007616,far,,80ec3f676e17debf
1498222970203,1498223007634,far,,80ec3f676e17debf
1498222970203,1498223007654,far,,80ec3f676e17debf
1498222970203,1498223007673,far,,80ec3f676e17debf
1498222970203,1498223007691,far,,80ec3f676e17debf
1498222970203,1498223007725,far,,80ec3f676e17debf
1498222970203,1498223007747,far,,80ec3f676e17debf
1498222970203,1498223007770,far,,80ec3f676e17debf
1498222970203,1498223007789,far,,80ec3f676e17debf
1498222970203,1498223007857,far,,80ec3f676e17debf
1498222970203,1498223007872,far,,80ec3f676e17debf
1498222970203,1498223007913,far,,80ec3f676e17debf
1498222970203,1498223007942,far,,80ec3f676e17debf
1498222970203,1498223007957,far,,80ec3f676e17debf
1498222970203,1498223007971,far,,80ec3f676e17debf
1498222970203,1498223007995,far,,80ec3f676e17debf
1498222970203,1498223008217,far,,80ec3f676e17debf
1498222970203,1498223008253,far,,80ec3f676e17debf
1498222970203,1498223008269,far,,80ec3f676e17debf
1498222970203,1498223008284,far,,80ec3f676e17debf
1498222970203,1498223008313,far,,80ec3f676e17debf
1498222970203,1498223008339,far,,80ec3f676e17debf
1498222970203,1498223008356,far,,80ec3f676e17debf
1498222970203,1498223008371,far,,80ec3f676e17debf
1498222970203,1498223008398,far,,80ec3f676e17debf
1498222970203,1498223008418,far,,80ec3f676e17debf
1498222970203,1498223008436,far,,80ec3f676e17debf
1498222970203,1498223008455,far,,80ec3f676e17debf
1498222970203,1498223008471,far,,80ec3f676e17debf
1498222970203,1498223008494,far,,80ec3f676e17debf
1498222970203,1498223008523,far,,80ec3f676e17debf
1498222970203,1498223008547,far,,80ec3f676e17debf
1498222970203,1498223008563,far,,80ec3f676e17debf
1498222970203,1498223008577,far,,80ec3f676e17debf
1498222970203,1498223008593,far,,80ec3f676e17debf
1498222970203,1498223008617,far,,80ec3f676e17debf
1498222970203,1498223008645,far,,80ec3f676e17debf
1498222970203,1498223008665,far,,80ec3f676e17debf
1498222970203,1498223008684,far,,80ec3f676e17debf
1498222970203,1498223008729,far,,80ec3f676e17debf
1498222970203,1498223008754,far,,80ec3f676e17debf
1498222970203,1498223008774,far,,80ec3f676e17debf
1498222970203,1498223008800,far,,80ec3f676e17debf
1498222970203,1498223008828,far,,80ec3f676e17debf
1498222970203,1498223008848,far,,80ec3f676e17debf
1498222970203,1498223008869,far,,80ec3f676e17debf
1498222970203,1498223008886,far,,80ec3f676e17debf
1498222970203,1498223008942,far,,80ec3f676e17debf
1498222970203,1498223008984,far,,80ec3f676e17debf
1498222970203,1498223009096,far,,80ec3f676e17debf
1498222970203,1498223009152,far,,80ec3f676e17debf
1498222970203,1498223009179,far,,80ec3f676e17debf
1498222970203,1498223009200,far,,80ec3f676e17debf
1498222970203,1498223009223,far,,80ec3f676e17debf
1498222970203,1498223009291,far,,80ec3f676e17debf
1498222970203,1498223010143,far,,80ec3f676e17debf
1498222970203,1498223010334,far,,80ec3f676e17debf
1498222970203,1498223010552,far,,80ec3f676e17debf
1498222970203,1498223010646,far,,80ec3f676e17debf
1498222970203,1498223010673,far,,80ec3f676e17debf
1498222970203,1498223010687,far,,80ec3f676e17debf
1498222970203,1498223010706,far,,80ec3f676e17debf
1498222970203,1498223010720,far,,80ec3f676e17debf
1498222970203,1498223010739,far,,80ec3f676e17debf
1498222970203,1498223010751,far,,80ec3f676e17debf
1498222970203,1498223010779,far,,80ec3f676e17debf
1498222970203,1498223010793,far,,80ec3f676e17debf
1498222970203,1498223010816,far,,80ec3f676e17debf
1498222970203,1498223010837,far,,80ec3f676e17debf
1498222970203,1498223010857,far,,80ec3f676e17debf
1498222970203,1498223010873,far,,80ec3f676e17debf
1498222970203,1498223010891,far,,80ec3f676e17debf
1498222970203,1498223010908,far,,80ec3f676e17debf
1498222970203,1498223010921,far,,80ec3f676e17debf
1498222970203,1498223010935,far,,80ec3f676e17debf
1498222970203,1498223010958,far,,80ec3f676e17debf
1498222970203,1498223010977,far,,80ec3f676e17debf
1498222970203,1498223010999,far,,80ec3f676e17debf
1498222970203,1498223011013,far,,80ec3f676e17debf
1498222970203,1498223011037,far,,80ec3f676e17debf
1498222970203,1498223011056,far,,80ec3f676e17debf
1498222970203,1498223011078,far,,80ec3f676e17debf
1498222970203,1498223011099,far,,80ec3f676e17debf
1498222970203,1498223011126,far,,80ec3f676e17debf
1498222970203,1498223011142,far,,80ec3f676e17debf
1498222970203,1498223011156,far,,80ec3f676e17debf
1498222970203,1498223011176,far,,80ec3f676e17debf
1498222970203,1498223011205,far,,80ec3f676e17debf
1498222970203,1498223011238,far,,80ec3f676e17debf
1498222970203,1498223011249,far,,80ec3f676e17debf
1498222970203,1498223011267,far,,80ec3f676e17debf
1498222970203,1498223011279,far,,80ec3f676e17debf
1498222970203,1498223011299,far,,80ec3f676e17debf
1498222970203,1498223011330,far,,80ec3f676e17debf
1498222970203,1498223011351,far,,80ec3f676e17debf
1498222970203,1498223011365,far,,80ec3f676e17debf
1498222970203,1498223011380,far,,80ec3f676e17debf
1498222970203,1498223011403,far,,80ec3f676e17debf
1498222970203,1498223011434,far,,80ec3f676e17debf
1498222970203,1498223011449,far,,80ec3f676e17debf
1498222970203,1498223011466,far,,80ec3f676e17debf
1498222970203,1498223011480,far,,80ec3f676e17debf
1498222970203,1498223011500,far,,80ec3f676e17debf
1498222970203,1498223011530,far,,80ec3f676e17debf
1498222970203,1498223011546,far,,80ec3f676e17debf
1498222970203,1498223011563,far,,80ec3f676e17debf
1498222970203,1498223011586,far,,80ec3f676e17debf
1498222970203,1498223011626,far,,80ec3f676e17debf
1498222970203,1498223011654,far,,80ec3f676e17debf
1498222970203,1498223011675,far,,80ec3f676e17debf
1498222970203,1498223011694,far,,80ec3f676e17debf
1498222970203,1498223011719,far,,80ec3f676e17debf
1498222970203,1498223011730,far,,80ec3f676e17debf
1498222970203,1498223011742,far,,80ec3f676e17debf
1498222970203,1498223011748,far,,80ec3f676e17debf
1498222970203,1498223011765,far,,80ec3f676e17debf
1498222970203,1498223011786,far,,80ec3f676e17debf
1498222970203,1498223011821,far,,80ec3f676e17debf
1498222970203,1498223011841,far,,80ec3f676e17debf
1498222970203,1498223011856,far,,80ec3f676e17debf
1498222970203,1498223011872,far,,80ec3f676e17debf
1498222970203,1498223011880,far,,80ec3f676e17debf
1498222970203,1498223011895,far,,80ec3f676e17debf
1498222970203,1498223011920,far,,80ec3f676e17debf
1498222970203,1498223011932,far,,80ec3f676e17debf
1498222970203,1498223011952,far,,80ec3f676e17debf
1498222970203,1498223011974,far,,80ec3f676e17debf
1498222970203,1498223012014,far,,80ec3f676e17debf
1498222970203,1498223012088,far,,80ec3f676e17debf
1498222970203,1498223012136,far,,80ec3f676e17debf
1498222970203,1498223012193,far,,80ec3f676e17debf
1498222970203,1498223012237,far,,80ec3f676e17debf
1498222970203,1498223012269,far,,80ec3f676e17debf
1498222970203,1498223012280,far,,80ec3f676e17debf
1498222970203,1498223012292,far,,80ec3f676e17debf
1498222970203,1498223012313,far,,80ec3f676e17debf
1498222970203,1498223012327,far,,80ec3f676e17debf
1498222970203,1498223012335,far,,80ec3f676e17debf
1498222970203,1498223012346,far,,80ec3f676e17debf
1498222970203,1498223012353,far,,80ec3f676e17debf
1498222970203,1498223012366,far,,80ec3f676e17debf
1498222970203,1498223012379,far,,80ec3f676e17debf
1498222970203,1498223012390,far,,80ec3f676e17debf
1498222970203,1498223012407,far,,80ec3f676e17debf
1498222970203,1498223012422,far,,80ec3f676e17debf
1498222970203,1498223012438,far,,80ec3f676e17debf
1498222970203,1498223012451,far,,80ec3f676e17debf
1498222970203,1498223012470,far,,80ec3f676e17debf
1498222970203,1498223012481,far,,80ec3f676e17debf
1498222970203,1498223012514,far,,80ec3f676e17debf
1498222970203,1498223012537,far,,80ec3f676e17debf
1498222970203,1498223012558,far,,80ec3f676e17debf
1498222970203,1498223012569,far,,80ec3f676e17debf
1498222970203,1498223012592,far,,80ec3f676e17debf
1498222970203,1498223012622,far,,80ec3f676e17debf
1498222970203,1498223012640,far,,80ec3f676e17debf
1498222970203,1498223012653,far,,80ec3f676e17debf
1498222970203,1498223012668,far,,80ec3f676e17debf
1498222970203,1498223012683,far,,80ec3f676e17debf
1498222970203,1498223012716,far,,80ec3f676e17debf
1498222970203,1498223012729,far,,80ec3f676e17debf
1498222970203,1498223012743,far,,80ec3f676e17debf
1498222970203,1498223012757,far,,80ec3f676e17debf
1498222970203,1498223012774,far,,80ec3f676e17debf
1498222970203,1498223012796,far,,80ec3f676e17debf
1498222970203,1498223012825,far,,80ec3f676e17debf
1498222970203,1498223012849,far,,80ec3f676e17debf
1498222970203,1498223012866,far,,80ec3f676e17debf
1498222970203,1498223012884,far,,80ec3f676e17debf
1498222970203,1498223012909,far,,80ec3f676e17debf
1498222970203,1498223012926,far,,80ec3f676e17debf
1498222970203,1498223012943,far,,80ec3f676e17debf
1498222970203,1498223012957,far,,80ec3f676e17debf
1498222970203,1498223012973,far,,80ec3f676e17debf
1498222970203,1498223013000,far,,80ec3f676e17debf
1498222970203,1498223013023,far,,80ec3f676e17debf
1498222970203,1498223013041,far,,80ec3f676e17debf
1498222970203,1498223013058,far,,80ec3f676e17debf
1498222970203,1498223013075,far,,80ec3f676e17debf
1498222970203,1498223013096,far,,80ec3f676e17debf
1498222970203,1498223013127,far,,80ec3f676e17debf
1498222970203,1498223013152,far,,80ec3f676e17debf
1498222970203,1498223013170,far,,80ec3f676e17debf
1498222970203,1498223013188,far,,80ec3f676e17debf
1498222970203,1498223013218,far,,80ec3f676e17debf
1498222970203,1498223013238,far,,80ec3f676e17debf
1498222970203,1498223013251,far,,80ec3f676e17debf
1498222970203,1498223013266,far,,80ec3f676e17debf
1498222970203,1498223013282,far,,80ec3f676e17debf
1498222970203,1498223013316,far,,80ec3f676e17debf
1498222970203,1498223013327,far,,80ec3f676e17debf
1498222970203,1498223013342,far,,80ec3f676e17debf
1498222970203,1498223013356,far,,80ec3f676e17debf
1498222970203,1498223013368,far,,80ec3f676e17debf
1498222970203,1498223013379,far,,80ec3f676e17debf
1498222970203,1498223013397,far,,80ec3f676e17debf
1498222970203,1498223013425,far,,80ec3f676e17debf
1498222970203,1498223013452,far,,80ec3f676e17debf
1498222970203,1498223013464,far,,80ec3f676e17debf
1498222970203,1498223013489,far,,80ec3f676e17debf
1498222970203,1498223013569,far,,80ec3f676e17debf
1498222970203,1498223013590,far,,80ec3f676e17debf
1498222970203,1498223013621,far,,80ec3f676e17debf
1498222970203,1498223013644,far,,80ec3f676e17debf
1498222970203,1498223013669,far,,80ec3f676e17debf
1498222970203,1498223013691,far,,80ec3f676e17debf
1498222970203,1498223013719,far,,80ec3f676e17debf
1498222970203,1498223013751,far,,80ec3f676e17debf
1498222970203,1498223013770,far,,80ec3f676e17debf
1498222970203,1498223013790,far,,80ec3f676e17debf
1498222970203,1498223013823,far,,80ec3f676e17debf
1498222970203,1498223013845,far,,80ec3f676e17debf
1498222970203,1498223013866,far,,80ec3f676e17debf
1498222970203,1498223013888,far,,80ec3f676e17debf
1498222970203,1498223013925,far,,80ec3f676e17debf
1498222970203,1498223013941,far,,80ec3f676e17debf
1498222970203,1498223013957,far,,80ec3f676e17debf
1498222970203,1498223013965,far,,80ec3f676e17debf
1498222970203,1498223013989,far,,80ec3f676e17debf
1498222970203,1498223014042,far,,80ec3f676e17debf
1498222970203,1498223014082,far,,80ec3f676e17debf
1498222970203,1498223014113,far,,80ec3f676e17debf
1498222970203,1498223014132,far,,80ec3f676e17debf
1498222970203,1498223014159,far,,80ec3f676e17debf
1498222970203,1498223014180,far,,80ec3f676e17debf
1498222970203,1498223014206,far,,80ec3f676e17debf
1498222970203,1498223014269,far,,80ec3f676e17debf
1498222970203,1498223014296,far,,80ec3f676e17debf
1498222970203,1498223014335,far,,80ec3f676e17debf
1498222970203,1498223014358,far,,80ec3f676e17debf
1498222970203,1498223014381,far,,80ec3f676e17debf
1498222970203,1498223014416,far,,80ec3f676e17debf
1498222970203,1498223014455,far,,80ec3f676e17debf
1498222970203,1498223014475,far,,80ec3f676e17debf
1498222970203,1498223014496,far,,80ec3f676e17debf
1498222970203,1498223014528,far,,80ec3f676e17debf
1498222970203,1498223014545,far,,80ec3f676e17debf
1498222970203,1498223014560,far,,80ec3f676e17debf
1498222970203,1498223014575,far,,80ec3f676e17debf
1498222970203,1498223014592,far,,80ec3f676e17debf
1498222970203,1498223014623,far,,80ec3f676e17debf
1498222970203,1498223014654,far,,80ec3f676e17debf
1498222970203,1498223014676,far,,80ec3f676e17debf
1498222970203,1498223014694,far,,80ec3f676e17debf
1498222970203,1498223014723,far,,80ec3f676e17debf
1498222970203,1498223014738,far,,80ec3f676e17debf
1498222970203,1498223014755,far,,80ec3f676e17debf
1498222970203,1498223014768,far,,80ec3f676e17debf
1498222970203,1498223014784,far,,80ec3f676e17debf
1498222970203,1498223014821,far,,80ec3f676e17debf
1498222970203,1498223014837,far,,80ec3f676e17debf
1498222970203,1498223014852,far,,80ec3f676e17debf
1498222970203,1498223014873,far,,80ec3f676e17debf
1498222970203,1498223014892,far,,80ec3f676e17debf
1498222970203,1498223014931,far,,80ec3f676e17debf
1498222970203,1498223014958,far,,80ec3f676e17debf
1498222970203,1498223014975,far,,80ec3f676e17debf
1498222970203,1498223014999,far,,80ec3f676e17debf
1498222970203,1498223015054,far,,80ec3f676e17debf
1498222970203,1498223015071,far,,80ec3f676e17debf
1498222970203,1498223015087,far,,80ec3f676e17debf
1498222970203,1498223015118,far,,80ec3f676e17debf
1498222970203,1498223015133,far,,80ec3f676e17debf
1498222970203,1498223015155,far,,80ec3f676e17debf
1498222970203,1498223015172,far,,80ec3f676e17debf
1498222970203,1498223015190,far,,80ec3f676e17debf
1498222970203,1498223015216,far,,80ec3f676e17debf
1498222970203,1498223015242,far,,80ec3f676e17debf
1498222970203,1498223015253,far,,80ec3f676e17debf
1498222970203,1498223015270,far,,80ec3f676e17debf
1498222970203,1498223015284,far,,80ec3f676e17debf
1498222970203,1498223015313,far,,80ec3f676e17debf
1498222970203,1498223015333,far,,80ec3f676e17debf
1498222970203,1498223015349,far,,80ec3f676e17debf
1498222970203,1498223015364,far,,80ec3f676e17debf
1498222970203,1498223015391,far,,80ec3f676e17debf
1498222970203,1498223015420,far,,80ec3f676e17debf
1498222970203,1498223015440,far,,80ec3f676e17debf
1498222970203,1498223015455,far,,80ec3f676e17debf
1498222970203,1498223015472,far,,80ec3f676e17debf
1498222970203,1498223015501,far,,80ec3f676e17debf
1498222970203,1498223015549,far,,80ec3f676e17debf
1498222970203,1498223015595,far,,80ec3f676e17debf
1498222970203,1498223015635,far,,80ec3f676e17debf
1498222970203,1498223015658,far,,80ec3f676e17debf
1498222970203,1498223015677,far,,80ec3f676e17debf
1498222970203,1498223015692,far,,80ec3f676e17debf
1498222970203,1498223015722,far,,80ec3f676e17debf
1498222970203,1498223015747,far,,80ec3f676e17debf
1498222970203,1498223015765,far,,80ec3f676e17debf
1498222970203,1498223015796,far,,80ec3f676e17debf
1498222970203,1498223015825,far,,80ec3f676e17debf
1498222970203,1498223015846,far,,80ec3f676e17debf
1498222970203,1498223015870,far,,80ec3f676e17debf
1498222970203,1498223015902,far,,80ec3f676e17debf
1498222970203,1498223015934,far,,80ec3f676e17debf
1498222970203,1498223015953,far,,80ec3f676e17debf
1498222970203,1498223015970,far,,80ec3f676e17debf
1498222970203,1498223015987,far,,80ec3f676e17debf
1498222970203,1498223016017,far,,80ec3f676e17debf
1498222970203,1498223016036,far,,80ec3f676e17debf
1498222970203,1498223016049,far,,80ec3f676e17debf
1498222970203,1498223016069,far,,80ec3f676e17debf
1498222970203,1498223016087,far,,80ec3f676e17debf
1498222970203,1498223016113,far,,80ec3f676e17debf
1498222970203,1498223016139,far,,80ec3f676e17debf
1498222970203,1498223016158,far,,80ec3f676e17debf
1498222970203,1498223016177,far,,80ec3f676e17debf
1498222970203,1498223016198,far,,80ec3f676e17debf
1498222970203,1498223016244,far,,80ec3f676e17debf
1498222970203,1498223016268,far,,80ec3f676e17debf
1498222970203,1498223016286,far,,80ec3f676e17debf
1498222970203,1498223016336,far,,80ec3f676e17debf
1498222970203,1498223016360,far,,80ec3f676e17debf
1498222970203,1498223016378,far,,80ec3f676e17debf
1498222970203,1498223016404,far,,80ec3f676e17debf
1498222970203,1498223016439,far,,80ec3f676e17debf
1498222970203,1498223016458,far,,80ec3f676e17debf
1498222970203,1498223016475,far,,80ec3f676e17debf
1498222970203,1498223016492,far,,80ec3f676e17debf
1498222970203,1498223016551,far,,80ec3f676e17debf
1498222970203,1498223016573,far,,80ec3f676e17debf
1498222970203,1498223016604,far,,80ec3f676e17debf
1498222970203,1498223016640,far,,80ec3f676e17debf
1498222970203,1498223016659,far,,80ec3f676e17debf
1498222970203,1498223016676,far,,80ec3f676e17debf
1498222970203,1498223016696,far,,80ec3f676e17debf
1498222970203,1498223016724,far,,80ec3f676e17debf
1498222970203,1498223016751,far,,80ec3f676e17debf
1498222970203,1498223016764,far,,80ec3f676e17debf
1498222970203,1498223016788,far,,80ec3f676e17debf
1498222970203,1498223016815,far,,80ec3f676e17debf
1498222970203,1498223016832,far,,80ec3f676e17debf
1498222970203,1498223016848,far,,80ec3f676e17debf
1498222970203,1498223016901,far,,80ec3f676e17debf
1498222970203,1498223016937,far,,80ec3f676e17debf
1498222970203,1498223016975,far,,80ec3f676e17debf
1498222970203,1498223017002,far,,80ec3f676e17debf
1498222970203,1498223017034,far,,80ec3f676e17debf
1498222970203,1498223017054,far,,80ec3f676e17debf
1498222970203,1498223017067,far,,80ec3f676e17debf
1498222970203,1498223017076,far,,80ec3f676e17debf
1498222970203,1498223017088,far,,80ec3f676e17debf
1498222970203,1498223017106,far,,80ec3f676e17debf
1498222970203,1498223017117,far,,80ec3f676e17debf
1498222970203,1498223017134,far,,80ec3f676e17debf
1498222970203,1498223017148,far,,80ec3f676e17debf
1498222970203,1498223017160,far,,80ec3f676e17debf
1498222970203,1498223017174,far,,80ec3f676e17debf
1498222970203,1498223017191,far,,80ec3f676e17debf
1498222970203,1498223017210,far,,80ec3f676e17debf
1498222970203,1498223017216,far,,80ec3f676e17debf
1498222970203,1498223017228,far,,80ec3f676e17debf
1498222970203,1498223017239,far,,80ec3f676e17debf
1498222970203,1498223017252,far,,80ec3f676e17debf
1498222970203,1498223017271,far,,80ec3f676e17debf
1498222970203,1498223017280,far,,80ec3f676e17debf
1498222970203,1498223017291,far,,80ec3f676e17debf
1498222970203,1498223017308,far,,80ec3f676e17debf
1498222970203,1498223017321,far,,80ec3f676e17debf
1498222970203,1498223017338,far,,80ec3f676e17debf
1498222970203,1498223017345,far,,80ec3f676e17debf
1498222970203,1498223017355,far,,80ec3f676e17debf
1498222970203,1498223017366,far,,80ec3f676e17debf
1498222970203,1498223017384,far,,80ec3f676e17debf
1498222970203,1498223017413,far,,80ec3f676e17debf
1498222970203,1498223017428,far,,80ec3f676e17debf
1498222970203,1498223017441,far,,80ec3f676e17debf
1498222970203,1498223017459,far,,80ec3f676e17debf
1498222970203,1498223017469,far,,80ec3f676e17debf
1498222970203,1498223017480,far,,80ec3f676e17debf
1498222970203,1498223017493,far,,80ec3f676e17debf
1498222970203,1498223017512,far,,80ec3f676e17debf
1498222970203,1498223017530,far,,80ec3f676e17debf
1498222970203,1498223017540,far,,80ec3f676e17debf
1498222970203,1498223017556,far,,80ec3f676e17debf
1498222970203,1498223017571,far,,80ec3f676e17debf
1498222970203,1498223017587,far,,80ec3f676e17debf
1498222970203,1498223017608,far,,80ec3f676e17debf
1498222970203,1498223017623,far,,80ec3f676e17debf
1498222970203,1498223017669,far,,80ec3f676e17debf
1498222970203,1498223017692,far,,80ec3f676e17debf
1498222970203,1498223017723,far,,80ec3f676e17debf
1498222970203,1498223017745,far,,80ec3f676e17debf
1498222970203,1498223017761,far,,80ec3f676e17debf
1498222970203,1498223017779,far,,80ec3f676e17debf
1498222970203,1498223017801,far,,80ec3f676e17debf
1498222970203,1498223017819,far,,80ec3f676e17debf
1498222970203,1498223017837,far,,80ec3f676e17debf
1498222970203,1498223017851,far,,80ec3f676e17debf
1498222970203,1498223017877,far,,80ec3f676e17debf
1498222970203,1498223017895,far,,80ec3f676e17debf
1498222970203,1498223017924,far,,80ec3f676e17debf
1498222970203,1498223017947,far,,80ec3f676e17debf
1498222970203,1498223017965,far,,80ec3f676e17debf
1498222970203,1498223017987,far,,80ec3f676e17debf
1498222970203,1498223018041,far,,80ec3f676e17debf
1498222970203,1498223018057,far,,80ec3f676e17debf
1498222970203,1498223018072,far,,80ec3f676e17debf
1498222970203,1498223018089,far,,80ec3f676e17debf
1498222970203,1498223018123,far,,80ec3f676e17debf
1498222970203,1498223018142,far,,80ec3f676e17debf
1498222970203,1498223018178,far,,80ec3f676e17debf
1498222970203,1498223018214,far,,80ec3f676e17debf
1498222970203,1498223018257,far,,80ec3f676e17debf
1498222970203,1498223018284,far,,80ec3f676e17debf
1498222970203,1498223018333,far,,80ec3f676e17debf
1498222970203,1498223018364,far,,80ec3f676e17debf
1498222970203,1498223018390,far,,80ec3f676e17debf
1498222970203,1498223018418,far,,80ec3f676e17debf
1498222970203,1498223018438,far,,80ec3f676e17debf
1498222970203,1498223018456,far,,80ec3f676e17debf
1498222970203,1498223018477,far,,80ec3f676e17debf
1498222970203,1498223018499,far,,80ec3f676e17debf
1498222970203,1498223018527,far,,80ec3f676e17debf
1498222970203,1498223018550,far,,80ec3f676e17debf
1498222970203,1498223018574,far,,80ec3f676e17debf
1498222970203,1498223018597,far,,80ec3f676e17debf
1498222970203,1498223018659,far,,80ec3f676e17debf
1498222970203,1498223018689,far,,80ec3f676e17debf
1498222970203,1498223018728,far,,80ec3f676e17debf
1498222970203,1498223018749,far,,80ec3f676e17debf
1498222970203,1498223018772,far,,80ec3f676e17debf
1498222970203,1498223018797,far,,80ec3f676e17debf
1498222970203,1498223018862,far,,80ec3f676e17debf
1498222970203,1498223018895,far,,80ec3f676e17debf
1498222970203,1498223018933,far,,80ec3f676e17debf
1498222970203,1498223018954,far,,80ec3f676e17debf
1498222970203,1498223018969,far,,80ec3f676e17debf
1498222970203,1498223019002,far,,80ec3f676e17debf
1498222970203,1498223019037,far,,80ec3f676e17debf
1498222970203,1498223019059,far,,80ec3f676e17debf
1498222970203,1498223019077,far,,80ec3f676e17debf
1498222970203,1498223019090,far,,80ec3f676e17debf
1498222970203,1498223019148,far,,80ec3f676e17debf
1498222970203,1498223019197,far,,80ec3f676e17debf
1498222970203,1498223019235,far,,80ec3f676e17debf
1498222970203,1498223019252,far,,80ec3f676e17debf
1498222970203,1498223019266,far,,80ec3f676e17debf
1498222970203,1498223019285,far,,80ec3f676e17debf
1498222970203,1498223019316,far,,80ec3f676e17debf
1498222970203,1498223019334,far,,80ec3f676e17debf
1498222970203,1498223019346,far,,80ec3f676e17debf
1498222970203,1498223019360,far,,80ec3f676e17debf
1498222970203,1498223019373,far,,80ec3f676e17debf
1498222970203,1498223019388,far,,80ec3f676e17debf
1498222970203,1498223019420,far,,80ec3f676e17debf
1498222970203,1498223019450,far,,80ec3f676e17debf
1498222970203,1498223019471,far,,80ec3f676e17debf
1498222970203,1498223019496,far,,80ec3f676e17debf
1498222970203,1498223019563,far,,80ec3f676e17debf
1498222970203,1498223019588,far,,80ec3f676e17debf
1498222970203,1498223019629,far,,80ec3f676e17debf
1498222970203,1498223019658,far,,80ec3f676e17debf
1498222970203,1498223019676,far,,80ec3f676e17debf
1498222970203,1498223019736,far,,80ec3f676e17debf
1498222970203,1498223019808,far,,80ec3f676e17debf
1498222970203,1498223019848,far,,80ec3f676e17debf
1498222970203,1498223019871,far,,80ec3f676e17debf
1498222970203,1498223019888,far,,80ec3f676e17debf
1498222970203,1498223019930,far,,80ec3f676e17debf
1498222970203,1498223019946,far,,80ec3f676e17debf
1498222970203,1498223019969,far,,80ec3f676e17debf
1498222970203,1498223020002,far,,80ec3f676e17debf
1498222970203,1498223020027,far,,80ec3f676e17debf
1498222970203,1498223020050,far,,80ec3f676e17debf
1498222970203,1498223020059,far,,80ec3f676e17debf
1498222970203,1498223020075,far,,80ec3f676e17debf
1498222970203,1498223020093,far,,80ec3f676e17debf
1498222970203,1498223020115,far,,80ec3f676e17debf
1498222970203,1498223020129,far,,80ec3f676e17debf
1498222970203,1498223020142,far,,80ec3f676e17debf
1498222970203,1498223020160,far,,80ec3f676e17debf
1498222970203,1498223020175,far,,80ec3f676e17debf
1498222970203,1498223020196,far,,80ec3f676e17debf
1498222970203,1498223020216,far,,80ec3f676e17debf
1498222970203,1498223020233,far,,80ec3f676e17debf
1498222970203,1498223020253,far,,80ec3f676e17debf
1498222970203,1498223020269,far,,80ec3f676e17debf
1498222970203,1498223020287,far,,80ec3f676e17debf
1498222970203,1498223020314,far,,80ec3f676e17debf
1498222970203,1498223020337,far,,80ec3f676e17debf
1498222970203,1498223020346,far,,80ec3f676e17debf
1498222970203,1498223020359,far,,80ec3f676e17debf
1498222970203,1498223020372,far,,80ec3f676e17debf
1498222970203,1498223020395,far,,80ec3f676e17debf
1498222970203,1498223020418,far,,80ec3f676e17debf
1498222970203,1498223020437,far,,80ec3f676e17debf
1498222970203,1498223020466,far,,80ec3f676e17debf
1498222970203,1498223020481,far,,80ec3f676e17debf
1498222970203,1498223020494,far,,80ec3f676e17debf
1498222970203,1498223020522,far,,80ec3f676e17debf
1498222970203,1498223020540,far,,80ec3f676e17debf
1498222970203,1498223020550,far,,80ec3f676e17debf
1498222970203,1498223020565,far,,80ec3f676e17debf
1498222970203,1498223020584,far,,80ec3f676e17debf
1498222970203,1498223020621,far,,80ec3f676e17debf
1498222970203,1498223020650,far,,80ec3f676e17debf
1498222970203,1498223020667,far,,80ec3f676e17debf
1498222970203,1498223020685,far,,80ec3f676e17debf
1498222970203,1498223020733,far,,80ec3f676e17debf
1498222970203,1498223020753,far,,80ec3f676e17debf
1498222970203,1498223020771,far,,80ec3f676e17debf
1498222970203,1498223020790,far,,80ec3f676e17debf
1498222970203,1498223020852,far,,80ec3f676e17debf
1498222970203,1498223020875,far,,80ec3f676e17debf
1498222970203,1498223020891,far,,80ec3f676e17debf
1498222970203,1498223020925,far,,80ec3f676e17debf
1498222970203,1498223020947,far,,80ec3f676e17debf
1498222970203,1498223020962,far,,80ec3f676e17debf
1498222970203,1498223020984,far,,80ec3f676e17debf
1498222970203,1498223021060,far,,80ec3f676e17debf
1498222970203,1498223021075,far,,80ec3f676e17debf
1498222970203,1498223021096,far,,80ec3f676e17debf
1498222970203,1498223021125,far,,80ec3f676e17debf
1498222970203,1498223021141,far,,80ec3f676e17debf
1498222970203,1498223021154,far,,80ec3f676e17debf
1498222970203,1498223021162,far,,80ec3f676e17debf
1498222970203,1498223021190,far,,80ec3f676e17debf
1498222970203,1498223021223,far,,80ec3f676e17debf
1498222970203,1498223021259,far,,80ec3f676e17debf
1498222970203,1498223021283,far,,80ec3f676e17debf
1498222970203,1498223021337,far,,80ec3f676e17debf
1498222970203,1498223021357,far,,80ec3f676e17debf
1498222970203,1498223021372,far,,80ec3f676e17debf
1498222970203,1498223021393,far,,80ec3f676e17debf
1498222970203,1498223021418,far,,80ec3f676e17debf
1498222970203,1498223021436,far,,80ec3f676e17debf
1498222970203,1498223021447,far,,80ec3f676e17debf
1498222970203,1498223021463,far,,80ec3f676e17debf
1498222970203,1498223021481,far,,80ec3f676e17debf
1498222970203,1498223021498,far,,80ec3f676e17debf
1498222970203,1498223022236,far,,80ec3f676e17debf
1498222970203,1498223022312,far,,80ec3f676e17debf
1498222970203,1498223022343,far,,80ec3f676e17debf
1498222970203,1498223022359,far,,80ec3f676e17debf
1498222970203,1498223022373,far,,80ec3f676e17debf
1498222970203,1498223022399,far,,80ec3f676e17debf
1498222970203,1498223022429,far,,80ec3f676e17debf
1498222970203,1498223022453,far,,80ec3f676e17debf
1498222970203,1498223022467,far,,80ec3f676e17debf
1498222970203,1498223022484,far,,80ec3f676e17debf
1498222970203,1498223022547,far,,80ec3f676e17debf
1498222970203,1498223022562,far,,80ec3f676e17debf
1498222970203,1498223022583,far,,80ec3f676e17debf
1498222970203,1498223022632,far,,80ec3f676e17debf
1498222970203,1498223022661,far,,80ec3f676e17debf
1498222970203,1498223022678,far,,80ec3f676e17debf
1498222970203,1498223022702,far,,80ec3f676e17debf
1498222970203,1498223022734,far,,80ec3f676e17debf
1498222970203,1498223022757,far,,80ec3f676e17debf
1498222970203,1498223022779,far,,80ec3f676e17debf
1498222970203,1498223022798,far,,80ec3f676e17debf
1498222970203,1498223022835,far,,80ec3f676e17debf
1498222970203,1498223022855,far,,80ec3f676e17debf
1498222970203,1498223022870,far,,80ec3f676e17debf
1498222970203,1498223022889,far,,80ec3f676e17debf
1498222970203,1498223022918,far,,80ec3f676e17debf
1498222970203,1498223022932,far,,80ec3f676e17debf
1498222970203,1498223022939,far,,80ec3f676e17debf
1498222970203,1498223022958,far,,80ec3f676e17debf
1498222970203,1498223022976,far,,80ec3f676e17debf
1498222970203,1498223022994,far,,80ec3f676e17debf
1498222970203,1498223023071,far,,80ec3f676e17debf
1498222970203,1498223023102,far,,80ec3f676e17debf
1498222970203,1498223023134,far,,80ec3f676e17debf
1498222970203,1498223023153,far,,80ec3f676e17debf
1498222970203,1498223023173,far,,80ec3f676e17debf
1498222970203,1498223023200,far,,80ec3f676e17debf
1498222970203,1498223023227,far,,80ec3f676e17debf
1498222970203,1498223023244,far,,80ec3f676e17debf
1498222970203,1498223023261,far,,80ec3f676e17debf
1498222970203,1498223023271,far,,80ec3f676e17debf
1498222970203,1498223023281,far,,80ec3f676e17debf
1498222970203,1498223023293,far,,80ec3f676e17debf
1498222970203,1498223023330,far,,80ec3f676e17debf
1498222970203,1498223023351,far,,80ec3f676e17debf
1498222970203,1498223023368,far,,80ec3f676e17debf
1498222970203,1498223023397,far,,80ec3f676e17debf
1498222970203,1498223023424,far,,80ec3f676e17debf
1498222970203,1498223023447,far,,80ec3f676e17debf
1498222970203,1498223023463,far,,80ec3f676e17debf
1498222970203,1498223023482,far,,80ec3f676e17debf
1498222970203,1498223023507,far,,80ec3f676e17debf
1498222970203,1498223023519,far,,80ec3f676e17debf
1498222970203,1498223023530,far,,80ec3f676e17debf
1498222970203,1498223023540,far,,80ec3f676e17debf
1498222970203,1498223023566,far,,80ec3f676e17debf
1498222970203,1498223023590,far,,80ec3f676e17debf
1498222970203,1498223023628,far,,80ec3f676e17debf
1498222970203,1498223023660,far,,80ec3f676e17debf
1498222970203,1498223023679,far,,80ec3f676e17debf
1498222970203,1498223023697,far,,80ec3f676e17debf
1498222970203,1498223023733,far,,80ec3f676e17debf
1498222970203,1498223023755,far,,80ec3f676e17debf
1498222970203,1498223023773,far,,80ec3f676e17debf
1498222970203,1498223023793,far,,80ec3f676e17debf
1498222970203,1498223023830,far,,80ec3f676e17debf
1498222970203,1498223023853,far,,80ec3f676e17debf
1498222970203,1498223023872,far,,80ec3f676e17debf
1498222970203,1498223023900,far,,80ec3f676e17debf
1498222970203,1498223024816,far,,80ec3f676e17debf
1498222970203,1498223024941,far,,80ec3f676e17debf
1498222970203,1498223024990,far,,80ec3f676e17debf
1498222970203,1498223025058,far,,80ec3f676e17debf
1498222970203,1498223025091,far,,80ec3f676e17debf
1498222970203,1498223025126,far,,80ec3f676e17debf
1498222970203,1498223025156,far,,80ec3f676e17debf
1498222970203,1498223025172,far,,80ec3f676e17debf
1498222970203,1498223025196,far,,80ec3f676e17debf
1498222970203,1498223025224,far,,80ec3f676e17debf
1498222970203,1498223025235,far,,80ec3f676e17debf
1498222970203,1498223025250,far,,80ec3f676e17debf
1498222970203,1498223025263,far,,80ec3f676e17debf
1498222970203,1498223025286,far,,80ec3f676e17debf
1498222970203,1498223025321,far,,80ec3f676e17debf
1498222970203,1498223025338,far,,80ec3f676e17debf
1498222970203,1498223025351,far,,80ec3f676e17debf
1498222970203,1498223025367,far,,80ec3f676e17debf
1498222970203,1498223025387,far,,80ec3f676e17debf
1498222970203,1498223025415,far,,80ec3f676e17debf
1498222970203,1498223025447,far,,80ec3f676e17debf
1498222970203,1498223025466,far,,80ec3f676e17debf
1498222970203,1498223025483,far,,80ec3f676e17debf
1498222970203,1498223025542,far,,80ec3f676e17debf
1498222970203,1498223025559,far,,80ec3f676e17debf
1498222970203,1498223025578,far,,80ec3f676e17debf
1498222970203,1498223025597,far,,80ec3f676e17debf
1498222970203,1498223025636,far,,80ec3f676e17debf
1498222970203,1498223025655,far,,80ec3f676e17debf
1498222970203,1498223025672,far,,80ec3f676e17debf
1498222970203,1498223025687,far,,80ec3f676e17debf
1498222970203,1498223025723,far,,80ec3f676e17debf
1498222970203,1498223025745,far,,80ec3f676e17debf
1498222970203,1498223025764,far,,80ec3f676e17debf
1498222970203,1498223025787,far,,80ec3f676e17debf
1498222970203,1498223025824,far,,80ec3f676e17debf
1498222970203,1498223025841,far,,80ec3f676e17debf
1498222970203,1498223025854,far,,80ec3f676e17debf
1498222970203,1498223025876,far,,80ec3f676e17debf
1498222970203,1498223025895,far,,80ec3f676e17debf
1498222970203,1498223025925,far,,80ec3f676e17debf
1498222970203,1498223025943,far,,80ec3f676e17debf
1498222970203,1498223025960,far,,80ec3f676e17debf
1498222970203,1498223025972,far,,80ec3f676e17debf
1498222970203,1498223025994,far,,80ec3f676e17debf
1498222970203,1498223026022,far,,80ec3f676e17debf
1498222970203,1498223026049,far,,80ec3f676e17debf
1498222970203,1498223026073,far,,80ec3f676e17debf
1498222970203,1498223026090,far,,80ec3f676e17debf
1498222970203,1498223026115,far,,80ec3f676e17debf
1498222970203,1498223026144,far,,80ec3f676e17debf
1498222970203,1498223026162,far,,80ec3f676e17debf
1498222970203,1498223026176,far,,80ec3f676e17debf
1498222970203,1498223026205,far,,80ec3f676e17debf
1498222970203,1498223026233,far,,80ec3f676e17debf
1498222970203,1498223026256,far,,80ec3f676e17debf
1498222970203,1498223026270,far,,80ec3f676e17debf
1498222970203,1498223026288,far,,80ec3f676e17debf
1498222970203,1498223026359,far,,80ec3f676e17debf
1498222970203,1498223026393,far,,80ec3f676e17debf
1498222970203,1498223026430,far,,80ec3f676e17debf
1498222970203,1498223026451,far,,80ec3f676e17debf
1498222970203,1498223026473,far,,80ec3f676e17debf
1498222970203,1498223026500,far,,80ec3f676e17debf
1498222970203,1498223026536,far,,80ec3f676e17debf
1498222970203,1498223026553,far,,80ec3f676e17debf
1498222970203,1498223026577,far,,80ec3f676e17debf
1498222970203,1498223026596,far,,80ec3f676e17debf
1498222970203,1498223026644,far,,80ec3f676e17debf
1498222970203,1498223026674,far,,80ec3f676e17debf
1498222970203,1498223026699,far,,80ec3f676e17debf
1498222970203,1498223026723,far,,80ec3f676e17debf
1498222970203,1498223026751,far,,80ec3f676e17debf
1498222970203,1498223026762,far,,80ec3f676e17debf
1498222970203,1498223026774,far,,80ec3f676e17debf
1498222970203,1498223026798,far,,80ec3f676e17debf
1498222970203,1498223026822,far,,80ec3f676e17debf
1498222970203,1498223026841,far,,80ec3f676e17debf
1498222970203,1498223026852,far,,80ec3f676e17debf
1498222970203,1498223026869,far,,80ec3f676e17debf
1498222970203,1498223026888,far,,80ec3f676e17debf
1498222970203,1498223026915,far,,80ec3f676e17debf
1498222970203,1498223026939,far,,80ec3f676e17debf
1498222970203,1498223026957,far,,80ec3f676e17debf
1498222970203,1498223026978,far,,80ec3f676e17debf
1498222970203,1498223027001,far,,80ec3f676e17debf
1498222970203,1498223027052,far,,80ec3f676e17debf
1498222970203,1498223027072,far,,80ec3f676e17debf
1498222970203,1498223027090,far,,80ec3f676e17debf
1498222970203,1498223027127,far,,80ec3f676e17debf
1498222970203,1498223027148,far,,80ec3f676e17debf
1498222970203,1498223027165,far,,80ec3f676e17debf
1498222970203,1498223027186,far,,80ec3f676e17debf
1498222970203,1498223027217,far,,80ec3f676e17debf
1498222970203,1498223027245,far,,80ec3f676e17debf
1498222970203,1498223027268,far,,80ec3f676e17debf
1498222970203,1498223027298,far,,80ec3f676e17debf
1498222970203,1498223027330,far,,80ec3f676e17debf
1498222970203,1498223027351,far,,80ec3f676e17debf
1498222970203,1498223027363,far,,80ec3f676e17debf
1498222970203,1498223027384,far,,80ec3f676e17debf
1498222970203,1498223027409,far,,80ec3f676e17debf
1498222970203,1498223027424,far,,80ec3f676e17debf
1498222970203,1498223027441,far,,80ec3f676e17debf
1498222970203,1498223027457,far,,80ec3f676e17debf
1498222970203,1498223027479,far,,80ec3f676e17debf
1498222970203,1498223027499,far,,80ec3f676e17debf
1498222970203,1498223027528,far,,80ec3f676e17debf
1498222970203,1498223027554,far,,80ec3f676e17debf
1498222970203,1498223027568,far,,80ec3f676e17debf
1498222970203,1498223027585,far,,80ec3f676e17debf
1498222970203,1498223027613,far,,80ec3f676e17debf
1498222970203,1498223027633,far,,80ec3f676e17debf
1498222970203,1498223027654,far,,80ec3f676e17debf
1498222970203,1498223027670,far,,80ec3f676e17debf
1498222970203,1498223027693,far,,80ec3f676e17debf
1498222970203,1498223027728,far,,80ec3f676e17debf
1498222970203,1498223027747,far,,80ec3f676e17debf
1498222970203,1498223027765,far,,80ec3f676e17debf
1498222970203,1498223027793,far,,80ec3f676e17debf
1498222970203,1498223027825,far,,80ec3f676e17debf
1498222970203,1498223027851,far,,80ec3f676e17debf
1498222970203,1498223027875,far,,80ec3f676e17debf
1498222970203,1498223027909,far,,80ec3f676e17debf
1498222970203,1498223028687,far,,80ec3f676e17debf
1498222970203,1498223028819,far,,80ec3f676e17debf
1498222970203,1498223028854,far,,80ec3f676e17debf
1498222970203,1498223028874,far,,80ec3f676e17debf
1498222970203,1498223028908,far,,80ec3f676e17debf
1498222970203,1498223029143,far,,80ec3f676e17debf
1498222970203,1498223029176,far,,80ec3f676e17debf
1498222970203,1498223029191,far,,80ec3f676e17debf
1498222970203,1498223029210,far,,80ec3f676e17debf
1498222970203,1498223029227,far,,80ec3f676e17debf
1498222970203,1498223029242,far,,80ec3f676e17debf
1498222970203,1498223029261,far,,80ec3f676e17debf
1498222970203,1498223029271,far,,80ec3f676e17debf
1498222970203,1498223029288,far,,80ec3f676e17debf
1498222970203,1498223029308,far,,80ec3f676e17debf
1498222970203,1498223029320,far,,80ec3f676e17debf
1498222970203,1498223029344,far,,80ec3f676e17debf
1498222970203,1498223029368,far,,80ec3f676e17debf
1498222970203,1498223029403,far,,80ec3f676e17debf
1498222970203,1498223029435,far,,80ec3f676e17debf
1498222970203,1498223029473,far,,80ec3f676e17debf
1498222970203,1498223029513,far,,80ec3f676e17debf
1498222970203,1498223029546,far,,80ec3f676e17debf
1498222970203,1498223029564,far,,80ec3f676e17debf
1498222970203,1498223029592,far,,80ec3f676e17debf
1498222970203,1498223029631,far,,80ec3f676e17debf
1498222970203,1498223029658,far,,80ec3f676e17debf
1498222970203,1498223029676,far,,80ec3f676e17debf
1498222970203,1498223029700,far,,80ec3f676e17debf
1498222970203,1498223029732,far,,80ec3f676e17debf
1498222970203,1498223029757,far,,80ec3f676e17debf
1498222970203,1498223029776,far,,80ec3f676e17debf
1498222970203,1498223029794,far,,80ec3f676e17debf
1498222970203,1498223029832,far,,80ec3f676e17debf
1498222970203,1498223029844,far,,80ec3f676e17debf
1498222970203,1498223029862,far,,80ec3f676e17debf
1498222970203,1498223029873,far,,80ec3f676e17debf
1498222970203,1498223029905,far,,80ec3f676e17debf
1498222970203,1498223029976,far,,80ec3f676e17debf
1498222970203,1498223030023,far,,80ec3f676e17debf
1498222970203,1498223030119,far,,80ec3f676e17debf
1498222970203,1498223030164,far,,80ec3f676e17debf
1498222970203,1498223030189,far,,80ec3f676e17debf
1498222970203,1498223030223,far,,80ec3f676e17debf
1498222970203,1498223030253,far,,80ec3f676e17debf
1498222970203,1498223030268,far,,80ec3f676e17debf
1498222970203,1498223030340,far,,80ec3f676e17debf
1498222970203,1498223030380,far,,80ec3f676e17debf
1498222970203,1498223030404,far,,80ec3f676e17debf
1498222970203,1498223030429,far,,80ec3f676e17debf
1498222970203,1498223030448,far,,80ec3f676e17debf
1498222970203,1498223030468,far,,80ec3f676e17debf
