timestamp, heading, UUID 
1498222706236,327.0420227050781,,80ec3f676e17debf
1498222735258,88.91216278076172,,80ec3f676e17debf
1498222735589,94.76637268066406,,80ec3f676e17debf
1498222735647,95.03836822509766,,80ec3f676e17debf
1498222735747,94.89749908447266,,80ec3f676e17debf
1498222735799,95.35604858398438,,80ec3f676e17debf
1498222735841,95.46027374267578,,80ec3f676e17debf
1498222735889,95.31410217285156,,80ec3f676e17debf
1498222735897,95.29560852050781,,80ec3f676e17debf
1498222735927,95.1500473022461,,80ec3f676e17debf
1498222735966,94.13932037353516,,80ec3f676e17debf
1498222735977,93.97046661376953,,80ec3f676e17debf
1498222736003,93.84310150146484,,80ec3f676e17debf
1498222736026,93.85182189941406,,80ec3f676e17debf
1498222736067,94.42791748046875,,80ec3f676e17debf
1498222736077,94.66719055175781,,80ec3f676e17debf
1498222736118,95.52163696289062,,80ec3f676e17debf
1498222736136,95.9745864868164,,80ec3f676e17debf
1498222736158,96.39964294433594,,80ec3f676e17debf
1498222736176,96.72791290283203,,80ec3f676e17debf
1498222736188,96.8514175415039,,80ec3f676e17debf
1498222736208,97.11902618408203,,80ec3f676e17debf
1498222736226,97.3667984008789,,80ec3f676e17debf
1498222736257,97.64425659179688,,80ec3f676e17debf
1498222736267,97.72701263427734,,80ec3f676e17debf
1498222736276,97.7967758178711,,80ec3f676e17debf
1498222736311,97.96869659423828,,80ec3f676e17debf
1498222736327,98.11026763916016,,80ec3f676e17debf
1498222736357,98.21219635009766,,80ec3f676e17debf
1498222736384,98.20126342773438,,80ec3f676e17debf
1498222736398,98.23741912841797,,80ec3f676e17debf
1498222736429,98.64556121826172,,80ec3f676e17debf
1498222736437,98.85396575927734,,80ec3f676e17debf
1498222736457,99.2764892578125,,80ec3f676e17debf
1498222736470,99.4482192993164,,80ec3f676e17debf
1498222736486,99.67607879638672,,80ec3f676e17debf
1498222736507,99.7906723022461,,80ec3f676e17debf
1498222736528,99.84967803955078,,80ec3f676e17debf
1498222736547,99.94705963134766,,80ec3f676e17debf
1498222736567,100.13841247558594,,80ec3f676e17debf
1498222736578,100.29551696777344,,80ec3f676e17debf
1498222736597,100.65298461914062,,80ec3f676e17debf
1498222736630,101.20512390136719,,80ec3f676e17debf
1498222736647,101.54174041748047,,80ec3f676e17debf
1498222736668,101.87245178222656,,80ec3f676e17debf
1498222736688,102.19585418701172,,80ec3f676e17debf
1498222736717,102.54664611816406,,80ec3f676e17debf
1498222736750,102.785400390625,,80ec3f676e17debf
1498222736768,102.91629791259766,,80ec3f676e17debf
1498222736786,103.07068634033203,,80ec3f676e17debf
1498222736797,103.15609741210938,,80ec3f676e17debf
1498222736827,103.20477294921875,,80ec3f676e17debf
1498222736847,103.00664520263672,,80ec3f676e17debf
1498222736867,102.61019897460938,,80ec3f676e17debf
1498222736896,102.02793884277344,,80ec3f676e17debf
1498222736941,100.42823028564453,,80ec3f676e17debf
1498222736996,99.13031005859375,,80ec3f676e17debf
1498222737047,98.88932037353516,,80ec3f676e17debf
1498222737088,98.4990234375,,80ec3f676e17debf
1498222737127,98.18688201904297,,80ec3f676e17debf
1498222737179,98.71530151367188,,80ec3f676e17debf
1498222737198,99.46489715576172,,80ec3f676e17debf
1498222737227,101.08367919921875,,80ec3f676e17debf
1498222737257,102.2998275756836,,80ec3f676e17debf
1498222737277,102.75848388671875,,80ec3f676e17debf
1498222737308,102.86385345458984,,80ec3f676e17debf
1498222737327,102.5355453491211,,80ec3f676e17debf
1498222737368,101.29875946044922,,80ec3f676e17debf
1498222737392,100.62084197998047,,80ec3f676e17debf
1498222737409,100.03034973144531,,80ec3f676e17debf
1498222737437,99.40101623535156,,80ec3f676e17debf
1498222737457,99.15302276611328,,80ec3f676e17debf
1498222737477,98.99608612060547,,80ec3f676e17debf
1498222737505,98.75241088867188,,80ec3f676e17debf
1498222737518,98.47124481201172,,80ec3f676e17debf
1498222737537,98.2142333984375,,80ec3f676e17debf
1498222737568,97.78475189208984,,80ec3f676e17debf
1498222737577,97.62187957763672,,80ec3f676e17debf
1498222737610,97.12633514404297,,80ec3f676e17debf
1498222737638,96.49429321289062,,80ec3f676e17debf
1498222737667,95.75562286376953,,80ec3f676e17debf
1498222737677,95.5666275024414,,80ec3f676e17debf
1498222737687,95.39683532714844,,80ec3f676e17debf
1498222737721,94.96726989746094,,80ec3f676e17debf
1498222737748,94.80183410644531,,80ec3f676e17debf
1498222737757,94.82747650146484,,80ec3f676e17debf
1498222737777,94.91455078125,,80ec3f676e17debf
1498222737787,94.95350646972656,,80ec3f676e17debf
1498222737800,94.97987365722656,,80ec3f676e17debf
1498222737817,94.96590423583984,,80ec3f676e17debf
1498222737843,94.89286804199219,,80ec3f676e17debf
1498222737867,94.66184997558594,,80ec3f676e17debf
1498222737887,94.48198699951172,,80ec3f676e17debf
1498222737927,94.27538299560547,,80ec3f676e17debf
1498222737956,94.39874267578125,,80ec3f676e17debf
1498222737987,94.6772689819336,,80ec3f676e17debf
1498222737998,94.7999496459961,,80ec3f676e17debf
1498222738021,95.03683471679688,,80ec3f676e17debf
1498222738047,95.39659118652344,,80ec3f676e17debf
1498222738068,95.56765747070312,,80ec3f676e17debf
1498222738081,95.66625213623047,,80ec3f676e17debf
1498222738099,95.8576431274414,,80ec3f676e17debf
1498222738118,95.99173736572266,,80ec3f676e17debf
1498222738149,96.06202697753906,,80ec3f676e17debf
1498222738156,96.04405975341797,,80ec3f676e17debf
1498222738179,96.00572967529297,,80ec3f676e17debf
1498222738197,96.00554656982422,,80ec3f676e17debf
1498222738217,95.99526977539062,,80ec3f676e17debf
1498222738250,96.0262451171875,,80ec3f676e17debf
1498222738267,96.05315399169922,,80ec3f676e17debf
1498222738287,96.11026763916016,,80ec3f676e17debf
1498222738311,96.16007232666016,,80ec3f676e17debf
1498222738327,96.16278839111328,,80ec3f676e17debf
1498222738357,96.26775360107422,,80ec3f676e17debf
1498222738378,96.4312515258789,,80ec3f676e17debf
1498222738387,96.52653503417969,,80ec3f676e17debf
1498222738397,96.59700012207031,,80ec3f676e17debf
1498222738417,96.75093078613281,,80ec3f676e17debf
1498222738437,96.8382568359375,,80ec3f676e17debf
1498222738467,96.80516815185547,,80ec3f676e17debf
1498222738477,96.7864761352539,,80ec3f676e17debf
1498222738499,96.77388000488281,,80ec3f676e17debf
1498222738517,96.8146743774414,,80ec3f676e17debf
1498222738547,96.8132095336914,,80ec3f676e17debf
1498222738557,96.76353454589844,,80ec3f676e17debf
1498222738577,96.59366607666016,,80ec3f676e17debf
1498222738587,96.48455810546875,,80ec3f676e17debf
1498222738598,96.37398529052734,,80ec3f676e17debf
1498222738608,96.2493667602539,,80ec3f676e17debf
1498222738667,95.6059799194336,,80ec3f676e17debf
1498222738697,95.9372787475586,,80ec3f676e17debf
1498222738730,96.62051391601562,,80ec3f676e17debf
1498222738787,97.63984680175781,,80ec3f676e17debf
1498222738817,97.70513916015625,,80ec3f676e17debf
1498222738917,97.44031524658203,,80ec3f676e17debf
1498222738927,97.34909057617188,,80ec3f676e17debf
1498222738967,96.78562927246094,,80ec3f676e17debf
1498222738989,96.33343505859375,,80ec3f676e17debf
1498222739010,95.82688903808594,,80ec3f676e17debf
1498222739028,95.3149185180664,,80ec3f676e17debf
1498222739047,94.85956573486328,,80ec3f676e17debf
1498222739073,94.48591613769531,,80ec3f676e17debf
1498222739089,94.2864761352539,,80ec3f676e17debf
1498222739121,94.20659637451172,,80ec3f676e17debf
1498222739207,95.34471893310547,,80ec3f676e17debf
1498222739237,95.87362670898438,,80ec3f676e17debf
1498222739270,96.33690643310547,,80ec3f676e17debf
1498222739276,96.4577407836914,,80ec3f676e17debf
1498222739307,96.74259185791016,,80ec3f676e17debf
1498222739327,96.90509796142578,,80ec3f676e17debf
1498222739357,97.04176330566406,,80ec3f676e17debf
1498222739377,97.10494232177734,,80ec3f676e17debf
1498222739399,97.11676788330078,,80ec3f676e17debf
1498222739427,97.11398315429688,,80ec3f676e17debf
1498222739457,97.22293090820312,,80ec3f676e17debf
1498222739477,97.32427215576172,,80ec3f676e17debf
1498222739499,97.4070053100586,,80ec3f676e17debf
1498222739512,97.44597625732422,,80ec3f676e17debf
1498222739538,97.57821655273438,,80ec3f676e17debf
1498222739557,97.66981506347656,,80ec3f676e17debf
1498222739577,97.77271270751953,,80ec3f676e17debf
1498222739598,97.88871765136719,,80ec3f676e17debf
1498222739627,98.0932846069336,,80ec3f676e17debf
1498222739658,98.19591522216797,,80ec3f676e17debf
1498222739679,98.11544799804688,,80ec3f676e17debf
1498222739707,97.9755859375,,80ec3f676e17debf
1498222739727,97.8661880493164,,80ec3f676e17debf
1498222739747,97.71580505371094,,80ec3f676e17debf
1498222739767,97.62222290039062,,80ec3f676e17debf
1498222739787,97.5218505859375,,80ec3f676e17debf
1498222739797,97.50254821777344,,80ec3f676e17debf
1498222739820,97.49958801269531,,80ec3f676e17debf
1498222739848,97.49657440185547,,80ec3f676e17debf
1498222739868,97.49720764160156,,80ec3f676e17debf
1498222739887,97.46475219726562,,80ec3f676e17debf
1498222739917,97.38274383544922,,80ec3f676e17debf
1498222739950,97.36946105957031,,80ec3f676e17debf
1498222739967,97.37846374511719,,80ec3f676e17debf
1498222739987,97.32794952392578,,80ec3f676e17debf
1498222739998,97.28787994384766,,80ec3f676e17debf
1498222740023,97.19215393066406,,80ec3f676e17debf
1498222740077,97.23258972167969,,80ec3f676e17debf
1498222740110,97.1767578125,,80ec3f676e17debf
1498222740117,97.15354919433594,,80ec3f676e17debf
1498222740178,97.00565338134766,,80ec3f676e17debf
1498222740197,97.0232925415039,,80ec3f676e17debf
1498222740221,97.04224395751953,,80ec3f676e17debf
1498222740257,96.98970031738281,,80ec3f676e17debf
1498222740277,96.90665435791016,,80ec3f676e17debf
1498222740300,96.87487030029297,,80ec3f676e17debf
1498222740331,96.86540985107422,,80ec3f676e17debf
1498222740377,96.74858093261719,,80ec3f676e17debf
1498222740397,96.74433898925781,,80ec3f676e17debf
1498222740424,96.81288146972656,,80ec3f676e17debf
1498222740737,97.5677261352539,,80ec3f676e17debf
1498222740787,97.17861938476562,,80ec3f676e17debf
1498222740818,97.03463745117188,,80ec3f676e17debf
1498222740847,96.90972900390625,,80ec3f676e17debf
1498222740877,96.71142578125,,80ec3f676e17debf
1498222740907,96.48371124267578,,80ec3f676e17debf
1498222740917,96.37399291992188,,80ec3f676e17debf
1498222740936,96.11518859863281,,80ec3f676e17debf
1498222740957,95.83100891113281,,80ec3f676e17debf
1498222740978,95.55284118652344,,80ec3f676e17debf
1498222740997,95.33990478515625,,80ec3f676e17debf
1498222741049,95.29780578613281,,80ec3f676e17debf
1498222741067,95.39940643310547,,80ec3f676e17debf
1498222741087,95.50200653076172,,80ec3f676e17debf
1498222741107,95.66770935058594,,80ec3f676e17debf
1498222741134,95.85182189941406,,80ec3f676e17debf
1498222741168,96.02745056152344,,80ec3f676e17debf
1498222741187,96.05209350585938,,80ec3f676e17debf
1498222741197,96.04100799560547,,80ec3f676e17debf
1498222741218,96.03894805908203,,80ec3f676e17debf
1498222741238,96.10518646240234,,80ec3f676e17debf
1498222741272,96.26323699951172,,80ec3f676e17debf
1498222741287,96.3834228515625,,80ec3f676e17debf
1498222741317,96.49364471435547,,80ec3f676e17debf
1498222741357,96.38717651367188,,80ec3f676e17debf
1498222741378,96.31156921386719,,80ec3f676e17debf
1498222741397,96.27059936523438,,80ec3f676e17debf
1498222741407,96.27091979980469,,80ec3f676e17debf
1498222741417,96.27447509765625,,80ec3f676e17debf
1498222741449,96.23623657226562,,80ec3f676e17debf
1498222741459,96.2507095336914,,80ec3f676e17debf
1498222741467,96.27379608154297,,80ec3f676e17debf
1498222741487,96.3543472290039,,80ec3f676e17debf
1498222741507,96.46936798095703,,80ec3f676e17debf
1498222741536,96.6114730834961,,80ec3f676e17debf
1498222741567,96.67699432373047,,80ec3f676e17debf
1498222741592,96.67864227294922,,80ec3f676e17debf
1498222741617,96.61173248291016,,80ec3f676e17debf
1498222741628,96.59398651123047,,80ec3f676e17debf
1498222741679,96.3261947631836,,80ec3f676e17debf
1498222741699,96.08802032470703,,80ec3f676e17debf
1498222741728,95.85102081298828,,80ec3f676e17debf
1498222741761,95.83244323730469,,80ec3f676e17debf
1498222741767,95.86078643798828,,80ec3f676e17debf
1498222741789,95.92572021484375,,80ec3f676e17debf
1498222741809,95.98928833007812,,80ec3f676e17debf
1498222741817,96.0254898071289,,80ec3f676e17debf
1498222741867,96.35669708251953,,80ec3f676e17debf
1498222741891,96.51587677001953,,80ec3f676e17debf
1498222741898,96.59976196289062,,80ec3f676e17debf
1498222741917,96.71292114257812,,80ec3f676e17debf
1498222741952,96.75,,80ec3f676e17debf
1498222741969,96.77230834960938,,80ec3f676e17debf
1498222741997,97.00215148925781,,80ec3f676e17debf
1498222742008,97.07493591308594,,80ec3f676e17debf
1498222742033,97.22769927978516,,80ec3f676e17debf
1498222742068,97.23222351074219,,80ec3f676e17debf
1498222742091,97.10865783691406,,80ec3f676e17debf
1498222742143,96.924072265625,,80ec3f676e17debf
1498222742177,96.85919952392578,,80ec3f676e17debf
1498222742201,96.85591888427734,,80ec3f676e17debf
1498222742225,96.86485290527344,,80ec3f676e17debf
1498222742238,96.84019470214844,,80ec3f676e17debf
1498222742257,96.79235076904297,,80ec3f676e17debf
1498222742267,96.76118469238281,,80ec3f676e17debf
1498222742279,96.73262786865234,,80ec3f676e17debf
1498222742297,96.6849594116211,,80ec3f676e17debf
1498222742317,96.71952819824219,,80ec3f676e17debf
1498222742358,96.92312622070312,,80ec3f676e17debf
1498222742370,96.9707260131836,,80ec3f676e17debf
1498222742388,97.03319549560547,,80ec3f676e17debf
1498222742397,97.04351806640625,,80ec3f676e17debf
1498222742421,97.00390625,,80ec3f676e17debf
1498222742437,96.86183166503906,,80ec3f676e17debf
1498222742459,96.67772674560547,,80ec3f676e17debf
1498222742477,96.4898452758789,,80ec3f676e17debf
1498222742498,96.34793090820312,,80ec3f676e17debf
1498222742521,96.26555633544922,,80ec3f676e17debf
1498222742547,96.28327941894531,,80ec3f676e17debf
1498222742577,96.20881652832031,,80ec3f676e17debf
1498222742589,96.17247009277344,,80ec3f676e17debf
1498222742622,96.12815856933594,,80ec3f676e17debf
1498222742657,96.24533081054688,,80ec3f676e17debf
1498222742677,96.3192367553711,,80ec3f676e17debf
1498222742705,96.33447265625,,80ec3f676e17debf
1498222742717,96.40282440185547,,80ec3f676e17debf
1498222742750,96.66473388671875,,80ec3f676e17debf
1498222742768,96.938232421875,,80ec3f676e17debf
1498222742789,97.2170181274414,,80ec3f676e17debf
1498222742807,97.35726928710938,,80ec3f676e17debf
1498222742827,97.45771789550781,,80ec3f676e17debf
1498222742857,97.61054992675781,,80ec3f676e17debf
1498222742878,97.67125701904297,,80ec3f676e17debf
1498222742887,97.65142822265625,,80ec3f676e17debf
1498222742908,97.5864486694336,,80ec3f676e17debf
1498222742917,97.5002212524414,,80ec3f676e17debf
1498222742937,97.29601287841797,,80ec3f676e17debf
1498222742954,97.200439453125,,80ec3f676e17debf
1498222742985,97.0414810180664,,80ec3f676e17debf
1498222743006,97.23136138916016,,80ec3f676e17debf
1498222743030,97.53695678710938,,80ec3f676e17debf
1498222743057,97.9184799194336,,80ec3f676e17debf
1498222743068,98.01130676269531,,80ec3f676e17debf
1498222743098,98.1781997680664,,80ec3f676e17debf
1498222743117,98.30402374267578,,80ec3f676e17debf
1498222743138,98.41381072998047,,80ec3f676e17debf
1498222743157,98.47941589355469,,80ec3f676e17debf
1498222743178,98.50053405761719,,80ec3f676e17debf
1498222743187,98.51094818115234,,80ec3f676e17debf
1498222743202,98.53153991699219,,80ec3f676e17debf
1498222743227,98.49459075927734,,80ec3f676e17debf
1498222743248,98.39347839355469,,80ec3f676e17debf
1498222743269,98.21292877197266,,80ec3f676e17debf
1498222743288,97.91341400146484,,80ec3f676e17debf
1498222743319,97.39187622070312,,80ec3f676e17debf
1498222743418,95.6541976928711,,80ec3f676e17debf
1498222743458,95.17009735107422,,80ec3f676e17debf
1498222743476,94.73499298095703,,80ec3f676e17debf
1498222743497,94.22083282470703,,80ec3f676e17debf
1498222743516,93.63766479492188,,80ec3f676e17debf
1498222743546,92.8589096069336,,80ec3f676e17debf
1498222743567,92.48238372802734,,80ec3f676e17debf
1498222743577,92.33540344238281,,80ec3f676e17debf
1498222743598,92.02796936035156,,80ec3f676e17debf
1498222743627,91.55738830566406,,80ec3f676e17debf
1498222743646,91.08540344238281,,80ec3f676e17debf
1498222743657,90.81017303466797,,80ec3f676e17debf
1498222743677,90.06834411621094,,80ec3f676e17debf
1498222743697,88.97298431396484,,80ec3f676e17debf
1498222743727,87.5707015991211,,80ec3f676e17debf
1498222743747,86.98041534423828,,80ec3f676e17debf
1498222743767,86.5641860961914,,80ec3f676e17debf
1498222743788,86.28929901123047,,80ec3f676e17debf
1498222743807,85.99630737304688,,80ec3f676e17debf
1498222743828,85.45121765136719,,80ec3f676e17debf
1498222743846,84.41546630859375,,80ec3f676e17debf
1498222743866,82.5701675415039,,80ec3f676e17debf
1498222743877,81.5540771484375,,80ec3f676e17debf
1498222743897,79.99457550048828,,80ec3f676e17debf
1498222743917,79.05842590332031,,80ec3f676e17debf
1498222743937,78.5472640991211,,80ec3f676e17debf
1498222743957,78.3077392578125,,80ec3f676e17debf
1498222743977,78.10912322998047,,80ec3f676e17debf
1498222744007,78.00402069091797,,80ec3f676e17debf
1498222744027,78.16666412353516,,80ec3f676e17debf
1498222744057,78.64204406738281,,80ec3f676e17debf
1498222744082,79.0078125,,80ec3f676e17debf
1498222744111,79.43470764160156,,80ec3f676e17debf
1498222744159,81.00292205810547,,80ec3f676e17debf
1498222744209,84.06040954589844,,80ec3f676e17debf
1498222744238,89.23091888427734,,80ec3f676e17debf
1498222744277,96.52464294433594,,80ec3f676e17debf
1498222744287,98.2432861328125,,80ec3f676e17debf
1498222744307,101.24092102050781,,80ec3f676e17debf
1498222744329,103.32049560546875,,80ec3f676e17debf
1498222744358,104.79603576660156,,80ec3f676e17debf
1498222744377,105.45162963867188,,80ec3f676e17debf
1498222744401,106.1255111694336,,80ec3f676e17debf
1498222744422,106.77730560302734,,80ec3f676e17debf
1498222744438,107.25395965576172,,80ec3f676e17debf
1498222744460,107.41031646728516,,80ec3f676e17debf
1498222744477,107.10093688964844,,80ec3f676e17debf
1498222744507,105.338623046875,,80ec3f676e17debf
1498222744527,102.65523529052734,,80ec3f676e17debf
1498222744558,99.12769317626953,,80ec3f676e17debf
1498222744567,98.57295227050781,,80ec3f676e17debf
1498222744591,97.876220703125,,80ec3f676e17debf
1498222744608,97.36708068847656,,80ec3f676e17debf
1498222744631,96.84945678710938,,80ec3f676e17debf
1498222744669,94.64675903320312,,80ec3f676e17debf
1498222744698,90.63727569580078,,80ec3f676e17debf
1498222744718,88.23670196533203,,80ec3f676e17debf
1498222744758,84.98123168945312,,80ec3f676e17debf
1498222744769,84.4098129272461,,80ec3f676e17debf
1498222744798,83.03277587890625,,80ec3f676e17debf
1498222744817,82.43849182128906,,80ec3f676e17debf
1498222744837,82.37272644042969,,80ec3f676e17debf
1498222744877,84.10587310791016,,80ec3f676e17debf
1498222744887,84.80859375,,80ec3f676e17debf
1498222744918,87.8354721069336,,80ec3f676e17debf
1498222745207,105.27686309814453,,80ec3f676e17debf
1498222745258,102.2887191772461,,80ec3f676e17debf
1498222745277,99.78784942626953,,80ec3f676e17debf
1498222745299,96.47389221191406,,80ec3f676e17debf
1498222745317,93.76181030273438,,80ec3f676e17debf
1498222745357,90.90763092041016,,80ec3f676e17debf
1498222745368,90.47611236572266,,80ec3f676e17debf
1498222745388,89.67276000976562,,80ec3f676e17debf
1498222745407,88.62150573730469,,80ec3f676e17debf
1498222745428,87.21758270263672,,80ec3f676e17debf
1498222745457,84.60961151123047,,80ec3f676e17debf
1498222745478,82.99612426757812,,80ec3f676e17debf
1498222745499,81.89535522460938,,80ec3f676e17debf
1498222745528,81.2151107788086,,80ec3f676e17debf
1498222745559,81.84674835205078,,80ec3f676e17debf
1498222745587,83.51143646240234,,80ec3f676e17debf
1498222745598,84.4437484741211,,80ec3f676e17debf
1498222745621,87.32635498046875,,80ec3f676e17debf
1498222745672,100.02059173583984,,80ec3f676e17debf
1498222745700,104.72468566894531,,80ec3f676e17debf
1498222745737,106.58772277832031,,80ec3f676e17debf
1498222745757,106.78199005126953,,80ec3f676e17debf
1498222745777,106.65219116210938,,80ec3f676e17debf
1498222745787,106.50115966796875,,80ec3f676e17debf
1498222745801,106.3271713256836,,80ec3f676e17debf
1498222745823,105.94376373291016,,80ec3f676e17debf
1498222745847,105.36616516113281,,80ec3f676e17debf
1498222745868,104.81499481201172,,80ec3f676e17debf
1498222745887,103.98975372314453,,80ec3f676e17debf
1498222745900,103.30143737792969,,80ec3f676e17debf
1498222745920,101.43131256103516,,80ec3f676e17debf
1498222745957,97.13459014892578,,80ec3f676e17debf
1498222745978,95.25199890136719,,80ec3f676e17debf
1498222746007,92.85887908935547,,80ec3f676e17debf
1498222746028,91.4155044555664,,80ec3f676e17debf
1498222746037,90.67137145996094,,80ec3f676e17debf
1498222746057,88.68323516845703,,80ec3f676e17debf
1498222746073,87.30098724365234,,80ec3f676e17debf
1498222746089,83.9304428100586,,80ec3f676e17debf
1498222746108,81.53490447998047,,80ec3f676e17debf
1498222746127,80.34044647216797,,80ec3f676e17debf
1498222746158,79.7960205078125,,80ec3f676e17debf
1498222746167,79.9697494506836,,80ec3f676e17debf
1498222746177,80.32994079589844,,80ec3f676e17debf
1498222746189,81.11349487304688,,80ec3f676e17debf
1498222746207,83.33821868896484,,80ec3f676e17debf
1498222746231,85.32927703857422,,80ec3f676e17debf
1498222746252,86.8912582397461,,80ec3f676e17debf
1498222746267,88.2485122680664,,80ec3f676e17debf
1498222746288,90.34735107421875,,80ec3f676e17debf
1498222746317,95.12088012695312,,80ec3f676e17debf
1498222746332,96.67491912841797,,80ec3f676e17debf
1498222746380,100.28385162353516,,80ec3f676e17debf
1498222746387,100.53074645996094,,80ec3f676e17debf
1498222746407,100.73057556152344,,80ec3f676e17debf
1498222746429,100.57320404052734,,80ec3f676e17debf
1498222746447,100.27166748046875,,80ec3f676e17debf
1498222746467,99.99087524414062,,80ec3f676e17debf
1498222746487,99.87142944335938,,80ec3f676e17debf
1498222746507,99.84689331054688,,80ec3f676e17debf
1498222746529,99.67320251464844,,80ec3f676e17debf
1498222746547,99.12236022949219,,80ec3f676e17debf
1498222746567,97.29138946533203,,80ec3f676e17debf
1498222746578,95.57090759277344,,80ec3f676e17debf
1498222746598,91.35539245605469,,80ec3f676e17debf
1498222746628,85.86266326904297,,80ec3f676e17debf
1498222746659,81.80152893066406,,80ec3f676e17debf
1498222746667,80.76136016845703,,80ec3f676e17debf
1498222746687,79.1929702758789,,80ec3f676e17debf
1498222746717,78.0206298828125,,80ec3f676e17debf
1498222746727,77.71434020996094,,80ec3f676e17debf
1498222746759,76.93181610107422,,80ec3f676e17debf
1498222746781,76.51979064941406,,80ec3f676e17debf
1498222746798,76.2018051147461,,80ec3f676e17debf
1498222746829,75.96310424804688,,80ec3f676e17debf
1498222746849,76.1059341430664,,80ec3f676e17debf
1498222746867,76.38414001464844,,80ec3f676e17debf
1498222746877,76.53175354003906,,80ec3f676e17debf
1498222746907,77.21625518798828,,80ec3f676e17debf
1498222746938,78.84917449951172,,80ec3f676e17debf
1498222746967,89.59072875976562,,80ec3f676e17debf
1498222746989,92.34098815917969,,80ec3f676e17debf
1498222747009,93.40752410888672,,80ec3f676e17debf
1498222747028,93.87281036376953,,80ec3f676e17debf
1498222747047,93.79670715332031,,80ec3f676e17debf
1498222747078,92.8348388671875,,80ec3f676e17debf
1498222747088,92.39840698242188,,80ec3f676e17debf
1498222747099,91.9551773071289,,80ec3f676e17debf
1498222747120,91.38581848144531,,80ec3f676e17debf
1498222747147,90.92329406738281,,80ec3f676e17debf
1498222747157,90.74459838867188,,80ec3f676e17debf
1498222747177,90.2148666381836,,80ec3f676e17debf
1498222747197,89.00011444091797,,80ec3f676e17debf
1498222747227,84.48243713378906,,80ec3f676e17debf
1498222747247,80.79795837402344,,80ec3f676e17debf
1498222747257,79.14104461669922,,80ec3f676e17debf
1498222747278,76.7060546875,,80ec3f676e17debf
1498222747288,75.81908416748047,,80ec3f676e17debf
1498222747297,75.09024047851562,,80ec3f676e17debf
1498222747307,74.35354614257812,,80ec3f676e17debf
1498222747327,72.76901245117188,,80ec3f676e17debf
1498222747368,69.63626098632812,,80ec3f676e17debf
1498222747377,68.91224670410156,,80ec3f676e17debf
1498222747397,67.26972198486328,,80ec3f676e17debf
1498222747426,65.7120361328125,,80ec3f676e17debf
1498222747447,64.35008239746094,,80ec3f676e17debf
1498222747468,64.27921295166016,,80ec3f676e17debf
1498222747478,64.5186538696289,,80ec3f676e17debf
1498222747507,66.26811981201172,,80ec3f676e17debf
1498222747527,68.09255981445312,,80ec3f676e17debf
1498222747557,70.59730529785156,,80ec3f676e17debf
1498222747577,72.8094711303711,,80ec3f676e17debf
1498222747595,74.18755340576172,,80ec3f676e17debf
1498222747629,79.56953430175781,,80ec3f676e17debf
1498222747659,81.13703155517578,,80ec3f676e17debf
1498222747677,81.66826629638672,,80ec3f676e17debf
1498222747701,81.97661590576172,,80ec3f676e17debf
1498222747717,82.05872344970703,,80ec3f676e17debf
1498222747757,81.67594909667969,,80ec3f676e17debf
1498222747767,81.43256378173828,,80ec3f676e17debf
1498222747788,80.65745544433594,,80ec3f676e17debf
1498222747809,78.92766571044922,,80ec3f676e17debf
1498222747838,73.40969848632812,,80ec3f676e17debf
1498222747878,65.03827667236328,,80ec3f676e17debf
1498222747907,59.58476638793945,,80ec3f676e17debf
1498222747917,58.182064056396484,,80ec3f676e17debf
1498222747955,55.878196716308594,,80ec3f676e17debf
1498222747967,55.22007369995117,,80ec3f676e17debf
1498222747987,54.777740478515625,,80ec3f676e17debf
1498222748008,54.52058029174805,,80ec3f676e17debf
1498222748039,54.3286247253418,,80ec3f676e17debf
1498222748067,54.283023834228516,,80ec3f676e17debf
1498222748078,54.35014724731445,,80ec3f676e17debf
1498222748088,54.45423889160156,,80ec3f676e17debf
1498222748148,55.38111877441406,,80ec3f676e17debf
1498222748179,56.36289978027344,,80ec3f676e17debf
1498222748199,58.6672477722168,,80ec3f676e17debf
1498222748230,66.52516174316406,,80ec3f676e17debf
1498222748247,70.59427642822266,,80ec3f676e17debf
1498222748268,72.55149841308594,,80ec3f676e17debf
1498222748287,73.31094360351562,,80ec3f676e17debf
1498222748318,73.42205810546875,,80ec3f676e17debf
1498222748378,72.2982177734375,,80ec3f676e17debf
1498222748407,72.07957458496094,,80ec3f676e17debf
1498222748437,71.78720092773438,,80ec3f676e17debf
1498222748449,71.57428741455078,,80ec3f676e17debf
1498222748467,70.65421295166016,,80ec3f676e17debf
1498222748477,69.80432891845703,,80ec3f676e17debf
1498222748517,64.74444580078125,,80ec3f676e17debf
1498222748527,63.59720230102539,,80ec3f676e17debf
1498222748560,61.08265686035156,,80ec3f676e17debf
1498222748580,60.112945556640625,,80ec3f676e17debf
1498222748593,59.66839599609375,,80ec3f676e17debf
1498222748617,58.002628326416016,,80ec3f676e17debf
1498222748657,53.65739822387695,,80ec3f676e17debf
1498222748678,52.384422302246094,,80ec3f676e17debf
1498222748721,53.71654510498047,,80ec3f676e17debf
1498222748747,60.237213134765625,,80ec3f676e17debf
1498222748767,63.626136779785156,,80ec3f676e17debf
1498222748788,66.1195068359375,,80ec3f676e17debf
1498222748808,68.81946563720703,,80ec3f676e17debf
1498222748844,73.5396499633789,,80ec3f676e17debf
1498222748869,78.44854736328125,,80ec3f676e17debf
1498222748927,84.29653930664062,,80ec3f676e17debf
1498222748957,86.46905517578125,,80ec3f676e17debf
1498222748979,88.01358032226562,,80ec3f676e17debf
1498222749017,89.96047973632812,,80ec3f676e17debf
1498222749057,89.8121109008789,,80ec3f676e17debf
1498222749077,88.89385986328125,,80ec3f676e17debf
1498222749087,87.83975982666016,,80ec3f676e17debf
1498222749108,84.01317596435547,,80ec3f676e17debf
1498222749137,77.7773666381836,,80ec3f676e17debf
1498222749167,73.60002899169922,,80ec3f676e17debf
1498222749189,71.80557250976562,,80ec3f676e17debf
1498222749207,70.69041442871094,,80ec3f676e17debf
1498222749238,69.65641784667969,,80ec3f676e17debf
1498222749258,69.19934844970703,,80ec3f676e17debf
1498222749277,68.85498046875,,80ec3f676e17debf
1498222749307,68.66389465332031,,80ec3f676e17debf
1498222749327,68.91703796386719,,80ec3f676e17debf
1498222749367,71.05839538574219,,80ec3f676e17debf
1498222749387,73.02471923828125,,80ec3f676e17debf
1498222749407,75.20838165283203,,80ec3f676e17debf
1498222749427,77.61173248291016,,80ec3f676e17debf
1498222749527,94.63289642333984,,80ec3f676e17debf
1498222749558,95.26153564453125,,80ec3f676e17debf
1498222749578,95.24819946289062,,80ec3f676e17debf
1498222749618,95.2623291015625,,80ec3f676e17debf
1498222749648,95.67406463623047,,80ec3f676e17debf
1498222749688,96.03136444091797,,80ec3f676e17debf
1498222749717,94.82962036132812,,80ec3f676e17debf
1498222750058,80.61100769042969,,80ec3f676e17debf
1498222750428,71.41876220703125,,80ec3f676e17debf
1498222750477,68.2342758178711,,80ec3f676e17debf
1498222750508,67.3794174194336,,80ec3f676e17debf
1498222750537,66.71456909179688,,80ec3f676e17debf
1498222750597,65.32709503173828,,80ec3f676e17debf
1498222750618,65.31649780273438,,80ec3f676e17debf
1498222750968,78.97400665283203,,80ec3f676e17debf
1498222751287,65.93701934814453,,80ec3f676e17debf
1498222751317,69.4911117553711,,80ec3f676e17debf
1498222751368,76.2757797241211,,80ec3f676e17debf
1498222751387,78.41460418701172,,80ec3f676e17debf
1498222751418,80.44222259521484,,80ec3f676e17debf
1498222751448,81.5147476196289,,80ec3f676e17debf
1498222751478,81.96288299560547,,80ec3f676e17debf
1498222751487,81.97553253173828,,80ec3f676e17debf
1498222751509,81.88932800292969,,80ec3f676e17debf
1498222751530,81.70291137695312,,80ec3f676e17debf
1498222751548,81.33379364013672,,80ec3f676e17debf
1498222751582,80.22938537597656,,80ec3f676e17debf
1498222751604,78.67504119873047,,80ec3f676e17debf
1498222751627,73.73792266845703,,80ec3f676e17debf
1498222751658,68.02261352539062,,80ec3f676e17debf
1498222751667,66.36656951904297,,80ec3f676e17debf
1498222751718,60.99169158935547,,80ec3f676e17debf
1498222751768,59.71034240722656,,80ec3f676e17debf
1498222751790,59.630332946777344,,80ec3f676e17debf
1498222751808,59.624908447265625,,80ec3f676e17debf
1498222751828,59.573429107666016,,80ec3f676e17debf
1498222751868,59.81739807128906,,80ec3f676e17debf
1498222751888,60.40538787841797,,80ec3f676e17debf
1498222751917,61.49065017700195,,80ec3f676e17debf
1498222751929,61.8298454284668,,80ec3f676e17debf
1498222751960,62.74930191040039,,80ec3f676e17debf
1498222751978,63.54506301879883,,80ec3f676e17debf
1498222752007,66.76974487304688,,80ec3f676e17debf
1498222752038,70.97311401367188,,80ec3f676e17debf
1498222752414,54.84675216674805,,80ec3f676e17debf
1498222752507,54.18889617919922,,80ec3f676e17debf
1498222752529,56.105262756347656,,80ec3f676e17debf
1498222752567,58.55672836303711,,80ec3f676e17debf
1498222752577,59.07438278198242,,80ec3f676e17debf
1498222752617,63.6619873046875,,80ec3f676e17debf
1498222752639,67.96054077148438,,80ec3f676e17debf
1498222752667,74.36071014404297,,80ec3f676e17debf
1498222752688,77.02313232421875,,80ec3f676e17debf
1498222752708,78.54924011230469,,80ec3f676e17debf
1498222752731,79.5631103515625,,80ec3f676e17debf
1498222752757,80.89537048339844,,80ec3f676e17debf
1498222752782,82.01079559326172,,80ec3f676e17debf
1498222752798,83.08781433105469,,80ec3f676e17debf
1498222752818,83.71658325195312,,80ec3f676e17debf
1498222752850,83.39900207519531,,80ec3f676e17debf
1498222752878,76.90000915527344,,80ec3f676e17debf
1498222752888,72.49665069580078,,80ec3f676e17debf
1498222752919,61.98428726196289,,80ec3f676e17debf
1498222752977,52.49778747558594,,80ec3f676e17debf
1498222752997,51.548377990722656,,80ec3f676e17debf
1498222753011,51.31543731689453,,80ec3f676e17debf
1498222753038,51.26494598388672,,80ec3f676e17debf
1498222753071,51.95256805419922,,80ec3f676e17debf
1498222753087,52.46859359741211,,80ec3f676e17debf
1498222753111,52.739540100097656,,80ec3f676e17debf
1498222753130,53.027565002441406,,80ec3f676e17debf
1498222753167,54.469078063964844,,80ec3f676e17debf
1498222753177,54.98220443725586,,80ec3f676e17debf
1498222753197,56.20183181762695,,80ec3f676e17debf
1498222753221,57.73458480834961,,80ec3f676e17debf
1498222753627,62.98489761352539,,80ec3f676e17debf
1498222754367,97.55945587158203,,80ec3f676e17debf
1498222754429,99.12621307373047,,80ec3f676e17debf
1498222754479,96.79403686523438,,80ec3f676e17debf
1498222754497,97.9454574584961,,80ec3f676e17debf
1498222754523,99.3570327758789,,80ec3f676e17debf
1498222754589,104.24127960205078,,80ec3f676e17debf
1498222754617,106.01866912841797,,80ec3f676e17debf
1498222754639,107.26158905029297,,80ec3f676e17debf
1498222754998,138.2727508544922,,80ec3f676e17debf
1498222755247,129.38482666015625,,80ec3f676e17debf
1498222755298,138.0402069091797,,80ec3f676e17debf
1498222755341,141.8181915283203,,80ec3f676e17debf
1498222755387,144.2420654296875,,80ec3f676e17debf
1498222755397,145.52377319335938,,80ec3f676e17debf
1498222755459,153.23582458496094,,80ec3f676e17debf
1498222755488,154.63320922851562,,80ec3f676e17debf
1498222755512,155.31838989257812,,80ec3f676e17debf
1498222755535,155.96966552734375,,80ec3f676e17debf
1498222755577,157.57582092285156,,80ec3f676e17debf
1498222755607,158.62733459472656,,80ec3f676e17debf
1498222755638,159.42466735839844,,80ec3f676e17debf
1498222755677,159.6526336669922,,80ec3f676e17debf
1498222755692,159.56932067871094,,80ec3f676e17debf
1498222755708,159.1559600830078,,80ec3f676e17debf
1498222755727,158.21945190429688,,80ec3f676e17debf
1498222755768,153.8945770263672,,80ec3f676e17debf
1498222755800,150.7110595703125,,80ec3f676e17debf
1498222755827,148.69833374023438,,80ec3f676e17debf
1498222756037,154.5551300048828,,80ec3f676e17debf
1498222756079,157.36196899414062,,80ec3f676e17debf
1498222756108,159.26797485351562,,80ec3f676e17debf
1498222756118,159.9767608642578,,80ec3f676e17debf
1498222756160,167.45022583007812,,80ec3f676e17debf
1498222756181,174.0233154296875,,80ec3f676e17debf
1498222756207,177.95623779296875,,80ec3f676e17debf
1498222756218,178.50660705566406,,80ec3f676e17debf
1498222756232,178.85304260253906,,80ec3f676e17debf
1498222756248,179.24679565429688,,80ec3f676e17debf
1498222756268,179.548095703125,,80ec3f676e17debf
1498222756287,179.94497680664062,,80ec3f676e17debf
1498222756302,180.28289794921875,,80ec3f676e17debf
1498222756319,181.40631103515625,,80ec3f676e17debf
1498222756348,184.0348358154297,,80ec3f676e17debf
1498222756368,185.5146942138672,,80ec3f676e17debf
1498222756387,186.5402374267578,,80ec3f676e17debf
1498222756399,186.8507080078125,,80ec3f676e17debf
1498222756430,187.14781188964844,,80ec3f676e17debf
1498222756447,187.21095275878906,,80ec3f676e17debf
1498222756460,187.2930145263672,,80ec3f676e17debf
1498222756478,187.4642791748047,,80ec3f676e17debf
1498222756498,187.4625244140625,,80ec3f676e17debf
1498222756517,187.0732421875,,80ec3f676e17debf
1498222756547,185.41558837890625,,80ec3f676e17debf
1498222756567,184.06375122070312,,80ec3f676e17debf
1498222756580,183.50570678710938,,80ec3f676e17debf
1498222756603,182.61544799804688,,80ec3f676e17debf
1498222756620,181.84718322753906,,80ec3f676e17debf
1498222756657,180.78411865234375,,80ec3f676e17debf
1498222756678,180.63999938964844,,80ec3f676e17debf
1498222756698,180.65126037597656,,80ec3f676e17debf
1498222756709,180.62185668945312,,80ec3f676e17debf
1498222756732,180.4967041015625,,80ec3f676e17debf
1498222756767,181.60833740234375,,80ec3f676e17debf
1498222756781,182.39276123046875,,80ec3f676e17debf
1498222756797,184.1800079345703,,80ec3f676e17debf
1498222756828,185.38339233398438,,80ec3f676e17debf
1498222756878,184.73463439941406,,80ec3f676e17debf
1498222756898,184.20091247558594,,80ec3f676e17debf
1498222756917,183.46499633789062,,80ec3f676e17debf
1498222756959,181.70895385742188,,80ec3f676e17debf
1498222756969,181.0847930908203,,80ec3f676e17debf
1498222756998,179.00650024414062,,80ec3f676e17debf
1498222757021,177.9250946044922,,80ec3f676e17debf
1498222757047,176.91236877441406,,80ec3f676e17debf
1498222757058,176.6973419189453,,80ec3f676e17debf
1498222757078,176.3273162841797,,80ec3f676e17debf
1498222757108,176.0126953125,,80ec3f676e17debf
1498222757128,175.82640075683594,,80ec3f676e17debf
1498222757157,175.15040588378906,,80ec3f676e17debf
1498222757168,174.76248168945312,,80ec3f676e17debf
1498222757188,173.43553161621094,,80ec3f676e17debf
1498222757200,172.35369873046875,,80ec3f676e17debf
1498222757219,169.78912353515625,,80ec3f676e17debf
1498222757250,166.83143615722656,,80ec3f676e17debf
1498222757268,165.69354248046875,,80ec3f676e17debf
1498222757289,164.84706115722656,,80ec3f676e17debf
1498222757308,164.225830078125,,80ec3f676e17debf
1498222757327,163.81491088867188,,80ec3f676e17debf
1498222757360,163.56619262695312,,80ec3f676e17debf
1498222757377,163.45179748535156,,80ec3f676e17debf
1498222757403,163.17657470703125,,80ec3f676e17debf
1498222757427,162.7229766845703,,80ec3f676e17debf
1498222757450,162.65798950195312,,80ec3f676e17debf
1498222757470,162.919189453125,,80ec3f676e17debf
1498222757487,163.4931182861328,,80ec3f676e17debf
1498222757518,164.32748413085938,,80ec3f676e17debf
1498222757559,165.11740112304688,,80ec3f676e17debf
1498222757568,165.39068603515625,,80ec3f676e17debf
1498222757586,165.68614196777344,,80ec3f676e17debf
1498222757606,166.27671813964844,,80ec3f676e17debf
1498222757637,167.5806884765625,,80ec3f676e17debf
1498222757669,168.0168914794922,,80ec3f676e17debf
1498222757694,168.00936889648438,,80ec3f676e17debf
1498222757708,168.04840087890625,,80ec3f676e17debf
1498222757729,168.21334838867188,,80ec3f676e17debf
1498222757757,168.62889099121094,,80ec3f676e17debf
1498222757769,168.78233337402344,,80ec3f676e17debf
1498222757788,169.20919799804688,,80ec3f676e17debf
1498222757807,169.50750732421875,,80ec3f676e17debf
1498222757828,169.59158325195312,,80ec3f676e17debf
1498222757858,169.35330200195312,,80ec3f676e17debf
1498222757878,169.0149383544922,,80ec3f676e17debf
1498222757900,168.64097595214844,,80ec3f676e17debf
1498222757919,168.24818420410156,,80ec3f676e17debf
1498222757948,167.2227325439453,,80ec3f676e17debf
1498222757968,166.27662658691406,,80ec3f676e17debf
1498222757979,165.7757110595703,,80ec3f676e17debf
1498222758000,164.7865447998047,,80ec3f676e17debf
1498222758028,163.586181640625,,80ec3f676e17debf
1498222758048,163.04180908203125,,80ec3f676e17debf
1498222758068,162.70437622070312,,80ec3f676e17debf
1498222758088,162.59722900390625,,80ec3f676e17debf
1498222758100,162.6703643798828,,80ec3f676e17debf
1498222758121,162.89492797851562,,80ec3f676e17debf
1498222758148,162.96405029296875,,80ec3f676e17debf
1498222758169,162.73622131347656,,80ec3f676e17debf
1498222758187,162.3583526611328,,80ec3f676e17debf
1498222758208,161.8672637939453,,80ec3f676e17debf
1498222758229,161.32383728027344,,80ec3f676e17debf
1498222758269,160.64712524414062,,80ec3f676e17debf
1498222758277,160.6337432861328,,80ec3f676e17debf
1498222758311,160.7777862548828,,80ec3f676e17debf
1498222758329,160.8081817626953,,80ec3f676e17debf
1498222758397,159.64352416992188,,80ec3f676e17debf
1498222758429,157.81600952148438,,80ec3f676e17debf
1498222758458,155.50772094726562,,80ec3f676e17debf
1498222758478,154.2423553466797,,80ec3f676e17debf
1498222758512,153.21571350097656,,80ec3f676e17debf
1498222758529,153.0502471923828,,80ec3f676e17debf
1498222758558,154.07403564453125,,80ec3f676e17debf
1498222758578,155.65078735351562,,80ec3f676e17debf
1498222758594,156.50247192382812,,80ec3f676e17debf
1498222758609,157.84414672851562,,80ec3f676e17debf
1498222758627,158.75401306152344,,80ec3f676e17debf
1498222758669,159.79364013671875,,80ec3f676e17debf
1498222758697,160.6772918701172,,80ec3f676e17debf
1498222758709,161.0820770263672,,80ec3f676e17debf
1498222758728,161.98297119140625,,80ec3f676e17debf
1498222758760,163.19366455078125,,80ec3f676e17debf
1498222758791,164.0119171142578,,80ec3f676e17debf
1498222758808,164.35513305664062,,80ec3f676e17debf
1498222758830,164.585693359375,,80ec3f676e17debf
1498222758858,164.8402557373047,,80ec3f676e17debf
1498222758877,164.95164489746094,,80ec3f676e17debf
1498222758899,165.0287322998047,,80ec3f676e17debf
1498222758927,165.07080078125,,80ec3f676e17debf
1498222758949,165.05947875976562,,80ec3f676e17debf
1498222758970,165.0633544921875,,80ec3f676e17debf
1498222758988,165.0186767578125,,80ec3f676e17debf
1498222758999,164.9429473876953,,80ec3f676e17debf
1498222759018,164.60362243652344,,80ec3f676e17debf
1498222759049,163.9067840576172,,80ec3f676e17debf
1498222759068,163.41043090820312,,80ec3f676e17debf
1498222759088,162.84054565429688,,80ec3f676e17debf
1498222759109,162.3137664794922,,80ec3f676e17debf
1498222759128,161.94479370117188,,80ec3f676e17debf
1498222759149,161.75108337402344,,80ec3f676e17debf
1498222759168,161.669677734375,,80ec3f676e17debf
1498222759198,161.39718627929688,,80ec3f676e17debf
1498222759219,161.0336151123047,,80ec3f676e17debf
1498222759238,160.60055541992188,,80ec3f676e17debf
1498222759258,160.2345733642578,,80ec3f676e17debf
1498222759270,160.0677490234375,,80ec3f676e17debf
1498222759298,159.5615692138672,,80ec3f676e17debf
1498222759307,159.39352416992188,,80ec3f676e17debf
1498222759333,159.0190887451172,,80ec3f676e17debf
1498222759358,158.19076538085938,,80ec3f676e17debf
1498222759382,157.58729553222656,,80ec3f676e17debf
1498222759398,157.0146484375,,80ec3f676e17debf
1498222759418,156.57046508789062,,80ec3f676e17debf
1498222759451,156.20130920410156,,80ec3f676e17debf
1498222759468,156.04986572265625,,80ec3f676e17debf
1498222759488,155.80136108398438,,80ec3f676e17debf
1498222759518,154.31802368164062,,80ec3f676e17debf
1498222759548,150.8576202392578,,80ec3f676e17debf
1498222759563,149.74053955078125,,80ec3f676e17debf
1498222759588,147.71485900878906,,80ec3f676e17debf
1498222759609,147.4417724609375,,80ec3f676e17debf
1498222759637,148.22879028320312,,80ec3f676e17debf
1498222759668,151.07225036621094,,80ec3f676e17debf
1498222759688,153.56350708007812,,80ec3f676e17debf
1498222759717,155.68679809570312,,80ec3f676e17debf
1498222759733,156.16195678710938,,80ec3f676e17debf
1498222759757,157.13185119628906,,80ec3f676e17debf
1498222759780,157.42945861816406,,80ec3f676e17debf
1498222759798,157.73704528808594,,80ec3f676e17debf
1498222759817,158.63833618164062,,80ec3f676e17debf
1498222759867,163.08554077148438,,80ec3f676e17debf
1498222759891,163.98973083496094,,80ec3f676e17debf
1498222759908,164.58255004882812,,80ec3f676e17debf
1498222759918,164.7838134765625,,80ec3f676e17debf
1498222759958,165.17633056640625,,80ec3f676e17debf
1498222759979,165.34524536132812,,80ec3f676e17debf
1498222759997,165.5679168701172,,80ec3f676e17debf
1498222760018,165.7869873046875,,80ec3f676e17debf
1498222760047,165.84873962402344,,80ec3f676e17debf
1498222760068,165.6395263671875,,80ec3f676e17debf
1498222760078,165.46209716796875,,80ec3f676e17debf
1498222760109,164.7303924560547,,80ec3f676e17debf
1498222760128,164.1075439453125,,80ec3f676e17debf
1498222760149,163.4239501953125,,80ec3f676e17debf
1498222760169,162.6218719482422,,80ec3f676e17debf
1498222760178,162.1494903564453,,80ec3f676e17debf
1498222760198,161.18309020996094,,80ec3f676e17debf
1498222760217,160.33236694335938,,80ec3f676e17debf
1498222760248,160.00531005859375,,80ec3f676e17debf
1498222760269,160.4140167236328,,80ec3f676e17debf
1498222760278,160.67376708984375,,80ec3f676e17debf
1498222760308,161.4548797607422,,80ec3f676e17debf
1498222760328,162.0525360107422,,80ec3f676e17debf
1498222760370,163.42181396484375,,80ec3f676e17debf
1498222760388,163.97256469726562,,80ec3f676e17debf
1498222760409,164.16070556640625,,80ec3f676e17debf
1498222760433,163.8744659423828,,80ec3f676e17debf
1498222760457,162.41024780273438,,80ec3f676e17debf
1498222760478,160.56668090820312,,80ec3f676e17debf
1498222760497,158.6824493408203,,80ec3f676e17debf
1498222760521,157.47613525390625,,80ec3f676e17debf
1498222760538,156.74533081054688,,80ec3f676e17debf
1498222760558,156.11166381835938,,80ec3f676e17debf
1498222760578,155.0684051513672,,80ec3f676e17debf
1498222760602,153.3328857421875,,80ec3f676e17debf
1498222760628,150.50526428222656,,80ec3f676e17debf
1498222760675,149.12379455566406,,80ec3f676e17debf
1498222760701,148.85484313964844,,80ec3f676e17debf
1498222760728,148.610595703125,,80ec3f676e17debf
1498222760748,148.8354034423828,,80ec3f676e17debf
1498222760769,149.62155151367188,,80ec3f676e17debf
1498222760784,150.11216735839844,,80ec3f676e17debf
1498222760808,151.1993865966797,,80ec3f676e17debf
1498222760832,151.3023223876953,,80ec3f676e17debf
1498222760868,150.9510955810547,,80ec3f676e17debf
1498222760888,150.84368896484375,,80ec3f676e17debf
1498222760909,150.98916625976562,,80ec3f676e17debf
1498222760930,151.3690185546875,,80ec3f676e17debf
1498222761158,160.89437866210938,,80ec3f676e17debf
1498222761198,159.72279357910156,,80ec3f676e17debf
1498222761218,158.7626190185547,,80ec3f676e17debf
1498222761250,156.64913940429688,,80ec3f676e17debf
1498222761278,154.55833435058594,,80ec3f676e17debf
1498222761321,153.46022033691406,,80ec3f676e17debf
1498222761418,156.72982788085938,,80ec3f676e17debf
1498222761438,157.32473754882812,,80ec3f676e17debf
1498222761467,158.42364501953125,,80ec3f676e17debf
1498222761477,158.75482177734375,,80ec3f676e17debf
1498222761505,159.24111938476562,,80ec3f676e17debf
1498222761519,159.56680297851562,,80ec3f676e17debf
1498222761549,159.72671508789062,,80ec3f676e17debf
1498222761568,159.3760223388672,,80ec3f676e17debf
1498222761595,158.72662353515625,,80ec3f676e17debf
1498222761622,157.25827026367188,,80ec3f676e17debf
1498222761648,156.25015258789062,,80ec3f676e17debf
1498222761678,155.3885955810547,,80ec3f676e17debf
1498222761688,154.95925903320312,,80ec3f676e17debf
1498222761698,154.39471435546875,,80ec3f676e17debf
1498222761729,152.258544921875,,80ec3f676e17debf
1498222761758,150.3011474609375,,80ec3f676e17debf
1498222761779,149.5391845703125,,80ec3f676e17debf
1498222761799,149.063232421875,,80ec3f676e17debf
1498222761829,148.83839416503906,,80ec3f676e17debf
1498222761859,149.27145385742188,,80ec3f676e17debf
1498222761878,149.85191345214844,,80ec3f676e17debf
1498222761910,150.76467895507812,,80ec3f676e17debf
1498222761938,151.2326202392578,,80ec3f676e17debf
1498222761947,151.28085327148438,,80ec3f676e17debf
1498222761971,151.23190307617188,,80ec3f676e17debf
1498222761996,151.06727600097656,,80ec3f676e17debf
1498222762008,150.7642364501953,,80ec3f676e17debf
1498222762020,150.5919647216797,,80ec3f676e17debf
1498222762047,150.4257049560547,,80ec3f676e17debf
1498222762069,150.83253479003906,,80ec3f676e17debf
1498222762078,151.39999389648438,,80ec3f676e17debf
1498222762109,154.78504943847656,,80ec3f676e17debf
1498222762131,157.12127685546875,,80ec3f676e17debf
1498222762158,159.5633087158203,,80ec3f676e17debf
1498222762168,160.16619873046875,,80ec3f676e17debf
1498222762190,161.1859588623047,,80ec3f676e17debf
1498222762208,162.14039611816406,,80ec3f676e17debf
1498222762229,163.07228088378906,,80ec3f676e17debf
1498222762257,163.89349365234375,,80ec3f676e17debf
1498222762269,164.01380920410156,,80ec3f676e17debf
1498222762290,164.10345458984375,,80ec3f676e17debf
1498222762309,164.06439208984375,,80ec3f676e17debf
1498222762319,164.00816345214844,,80ec3f676e17debf
1498222762351,163.47799682617188,,80ec3f676e17debf
1498222762368,162.76162719726562,,80ec3f676e17debf
1498222762388,161.6886444091797,,80ec3f676e17debf
1498222762407,159.93417358398438,,80ec3f676e17debf
1498222762428,157.65672302246094,,80ec3f676e17debf
1498222762440,156.5936737060547,,80ec3f676e17debf
1498222762468,154.72061157226562,,80ec3f676e17debf
1498222762487,154.19639587402344,,80ec3f676e17debf
1498222762509,154.047119140625,,80ec3f676e17debf
1498222762528,154.11083984375,,80ec3f676e17debf
1498222762558,154.28517150878906,,80ec3f676e17debf
1498222762568,154.22921752929688,,80ec3f676e17debf
1498222762601,153.8450469970703,,80ec3f676e17debf
1498222762620,153.66477966308594,,80ec3f676e17debf
1498222762939,146.88673400878906,,80ec3f676e17debf
1498222763008,142.41510009765625,,80ec3f676e17debf
1498222763028,143.80592346191406,,80ec3f676e17debf
1498222763069,151.26805114746094,,80ec3f676e17debf
1498222763108,155.32489013671875,,80ec3f676e17debf
1498222763128,155.48326110839844,,80ec3f676e17debf
1498222763160,155.40869140625,,80ec3f676e17debf
1498222763178,155.7559051513672,,80ec3f676e17debf
1498222763198,156.28062438964844,,80ec3f676e17debf
1498222763228,157.93161010742188,,80ec3f676e17debf
1498222763248,159.49380493164062,,80ec3f676e17debf
1498222763278,161.31671142578125,,80ec3f676e17debf
1498222763302,162.1358184814453,,80ec3f676e17debf
1498222763328,163.03318786621094,,80ec3f676e17debf
1498222763348,163.65606689453125,,80ec3f676e17debf
1498222763368,164.32212829589844,,80ec3f676e17debf
1498222763389,164.9434814453125,,80ec3f676e17debf
1498222763409,165.2751007080078,,80ec3f676e17debf
1498222763428,165.21136474609375,,80ec3f676e17debf
1498222763448,164.9192352294922,,80ec3f676e17debf
1498222763479,164.36717224121094,,80ec3f676e17debf
1498222763488,164.094970703125,,80ec3f676e17debf
1498222763498,163.74525451660156,,80ec3f676e17debf
1498222763517,162.4386444091797,,80ec3f676e17debf
1498222763548,160.08872985839844,,80ec3f676e17debf
1498222763558,159.5333251953125,,80ec3f676e17debf
1498222763579,158.4553985595703,,80ec3f676e17debf
1498222763609,157.41311645507812,,80ec3f676e17debf
1498222763628,157.64999389648438,,80ec3f676e17debf
1498222763658,159.7998809814453,,80ec3f676e17debf
1498222763678,161.34300231933594,,80ec3f676e17debf
1498222763722,162.0067138671875,,80ec3f676e17debf
1498222763949,155.7625274658203,,80ec3f676e17debf
1498222764008,151.04434204101562,,80ec3f676e17debf
1498222764038,147.65863037109375,,80ec3f676e17debf
1498222764058,146.16122436523438,,80ec3f676e17debf
1498222764079,145.30755615234375,,80ec3f676e17debf
1498222764109,144.71743774414062,,80ec3f676e17debf
1498222764131,144.9508514404297,,80ec3f676e17debf
1498222764157,146.0507354736328,,80ec3f676e17debf
1498222764187,147.08755493164062,,80ec3f676e17debf
1498222764199,147.29959106445312,,80ec3f676e17debf
1498222764218,147.5224609375,,80ec3f676e17debf
1498222764258,147.08981323242188,,80ec3f676e17debf
1498222764281,146.78549194335938,,80ec3f676e17debf
1498222764339,148.1868133544922,,80ec3f676e17debf
1498222764398,149.9026641845703,,80ec3f676e17debf
1498222764433,152.8721466064453,,80ec3f676e17debf
1498222764458,157.0177459716797,,80ec3f676e17debf
1498222764488,159.4098358154297,,80ec3f676e17debf
1498222764510,161.1200714111328,,80ec3f676e17debf
1498222764530,163.1083221435547,,80ec3f676e17debf
1498222764578,167.22848510742188,,80ec3f676e17debf
1498222764618,169.1728515625,,80ec3f676e17debf
1498222764640,169.85540771484375,,80ec3f676e17debf
1498222764668,170.49652099609375,,80ec3f676e17debf
1498222764678,170.4593048095703,,80ec3f676e17debf
1498222764699,169.30470275878906,,80ec3f676e17debf
1498222764721,165.3790740966797,,80ec3f676e17debf
1498222764760,161.17404174804688,,80ec3f676e17debf
1498222764788,160.29591369628906,,80ec3f676e17debf
1498222764809,159.81246948242188,,80ec3f676e17debf
1498222764835,159.22006225585938,,80ec3f676e17debf
1498222764868,158.0530548095703,,80ec3f676e17debf
1498222764902,157.57017517089844,,80ec3f676e17debf
1498222764931,157.36573791503906,,80ec3f676e17debf
1498222764958,157.20130920410156,,80ec3f676e17debf
1498222764968,157.0264434814453,,80ec3f676e17debf
1498222764989,156.23834228515625,,80ec3f676e17debf
1498222765011,154.5822296142578,,80ec3f676e17debf
1498222765020,153.69757080078125,,80ec3f676e17debf
1498222765068,162.08534240722656,,80ec3f676e17debf
1498222765078,166.47384643554688,,80ec3f676e17debf
1498222765108,170.2931671142578,,80ec3f676e17debf
1498222765120,170.3211212158203,,80ec3f676e17debf
1498222765148,170.03123474121094,,80ec3f676e17debf
1498222765168,169.9537353515625,,80ec3f676e17debf
1498222765188,170.02902221679688,,80ec3f676e17debf
1498222765210,170.08273315429688,,80ec3f676e17debf
1498222765227,169.96688842773438,,80ec3f676e17debf
1498222765258,169.11337280273438,,80ec3f676e17debf
1498222765270,168.55564880371094,,80ec3f676e17debf
1498222765279,167.92088317871094,,80ec3f676e17debf
1498222765299,166.58599853515625,,80ec3f676e17debf
1498222765328,164.91436767578125,,80ec3f676e17debf
1498222765358,163.8115692138672,,80ec3f676e17debf
1498222765372,163.5246124267578,,80ec3f676e17debf
1498222765378,163.2578582763672,,80ec3f676e17debf
1498222765409,162.53172302246094,,80ec3f676e17debf
1498222765428,162.0432891845703,,80ec3f676e17debf
1498222765448,161.42767333984375,,80ec3f676e17debf
1498222765469,160.72280883789062,,80ec3f676e17debf
1498222765489,160.20838928222656,,80ec3f676e17debf
1498222765518,159.95729064941406,,80ec3f676e17debf
1498222765558,159.46165466308594,,80ec3f676e17debf
1498222765568,158.9657745361328,,80ec3f676e17debf
1498222765593,157.82015991210938,,80ec3f676e17debf
1498222765608,157.12669372558594,,80ec3f676e17debf
1498222765638,156.76889038085938,,80ec3f676e17debf
1498222765658,156.70875549316406,,80ec3f676e17debf
1498222765678,156.85186767578125,,80ec3f676e17debf
1498222765689,156.9809112548828,,80ec3f676e17debf
1498222765709,157.48361206054688,,80ec3f676e17debf
1498222765728,158.3125762939453,,80ec3f676e17debf
1498222765768,160.74603271484375,,80ec3f676e17debf
1498222765778,161.19854736328125,,80ec3f676e17debf
1498222765807,162.58033752441406,,80ec3f676e17debf
1498222765819,163.2831573486328,,80ec3f676e17debf
1498222765879,169.98007202148438,,80ec3f676e17debf
1498222765898,171.64938354492188,,80ec3f676e17debf
1498222765908,172.22872924804688,,80ec3f676e17debf
1498222765948,173.21987915039062,,80ec3f676e17debf
1498222765959,173.25570678710938,,80ec3f676e17debf
1498222765979,173.22064208984375,,80ec3f676e17debf
1498222765999,173.23182678222656,,80ec3f676e17debf
1498222766019,173.32937622070312,,80ec3f676e17debf
1498222766059,173.97117614746094,,80ec3f676e17debf
1498222766069,174.13006591796875,,80ec3f676e17debf
1498222766088,174.28292846679688,,80ec3f676e17debf
1498222766098,174.2341766357422,,80ec3f676e17debf
1498222766120,173.8341522216797,,80ec3f676e17debf
1498222766149,172.3712921142578,,80ec3f676e17debf
1498222766168,170.96145629882812,,80ec3f676e17debf
1498222766188,169.98033142089844,,80ec3f676e17debf
1498222766199,169.70559692382812,,80ec3f676e17debf
1498222766238,170.96270751953125,,80ec3f676e17debf
1498222766258,172.1832275390625,,80ec3f676e17debf
1498222766268,172.4869842529297,,80ec3f676e17debf
1498222766308,173.17086791992188,,80ec3f676e17debf
1498222766318,173.57786560058594,,80ec3f676e17debf
1498222766358,174.20542907714844,,80ec3f676e17debf
1498222766378,174.20535278320312,,80ec3f676e17debf
1498222766410,173.89291381835938,,80ec3f676e17debf
1498222766428,173.32940673828125,,80ec3f676e17debf
1498222766449,171.8068084716797,,80ec3f676e17debf
1498222766468,170.29933166503906,,80ec3f676e17debf
1498222766479,169.91082763671875,,80ec3f676e17debf
1498222766500,169.65394592285156,,80ec3f676e17debf
1498222766518,169.64129638671875,,80ec3f676e17debf
1498222766548,169.4279327392578,,80ec3f676e17debf
1498222766568,169.03903198242188,,80ec3f676e17debf
1498222766592,167.88714599609375,,80ec3f676e17debf
1498222766608,165.40037536621094,,80ec3f676e17debf
1498222766640,160.97377014160156,,80ec3f676e17debf
1498222766928,172.44720458984375,,80ec3f676e17debf
1498222766988,175.0702362060547,,80ec3f676e17debf
1498222767008,176.68325805664062,,80ec3f676e17debf
1498222767042,178.4326934814453,,80ec3f676e17debf
1498222767068,179.61883544921875,,80ec3f676e17debf
1498222767089,180.09754943847656,,80ec3f676e17debf
1498222767108,180.3257293701172,,80ec3f676e17debf
1498222767130,180.29994201660156,,80ec3f676e17debf
1498222767178,179.5445556640625,,80ec3f676e17debf
1498222767200,178.972900390625,,80ec3f676e17debf
1498222767229,177.88218688964844,,80ec3f676e17debf
1498222767259,176.45184326171875,,80ec3f676e17debf
1498222767302,175.3390655517578,,80ec3f676e17debf
1498222767328,175.4374542236328,,80ec3f676e17debf
1498222767438,181.10806274414062,,80ec3f676e17debf
1498222767489,182.9765625,,80ec3f676e17debf
1498222767508,183.44940185546875,,80ec3f676e17debf
1498222767529,183.5077667236328,,80ec3f676e17debf
1498222767570,182.65675354003906,,80ec3f676e17debf
1498222767580,182.1993865966797,,80ec3f676e17debf
1498222767610,180.2726593017578,,80ec3f676e17debf
1498222767648,178.3511962890625,,80ec3f676e17debf
1498222767680,177.44830322265625,,80ec3f676e17debf
1498222767698,176.94781494140625,,80ec3f676e17debf
1498222767708,176.70484924316406,,80ec3f676e17debf
1498222767758,175.18206787109375,,80ec3f676e17debf
1498222767789,173.908935546875,,80ec3f676e17debf
1498222767808,173.04574584960938,,80ec3f676e17debf
1498222767818,172.6610107421875,,80ec3f676e17debf
1498222767857,171.78448486328125,,80ec3f676e17debf
1498222767879,171.904541015625,,80ec3f676e17debf
1498222767928,174.80055236816406,,80ec3f676e17debf
1498222767959,178.34042358398438,,80ec3f676e17debf
1498222767968,179.1155242919922,,80ec3f676e17debf
1498222767988,180.2508544921875,,80ec3f676e17debf
1498222767998,180.7217559814453,,80ec3f676e17debf
1498222768029,181.65243530273438,,80ec3f676e17debf
1498222768048,181.70216369628906,,80ec3f676e17debf
1498222768069,181.0199737548828,,80ec3f676e17debf
1498222768088,180.4196014404297,,80ec3f676e17debf
1498222768108,180.64146423339844,,80ec3f676e17debf
1498222768178,185.0423583984375,,80ec3f676e17debf
1498222768218,187.87786865234375,,80ec3f676e17debf
1498222768268,189.26022338867188,,80ec3f676e17debf
1498222768278,189.41018676757812,,80ec3f676e17debf
1498222768298,189.71102905273438,,80ec3f676e17debf
1498222768318,189.86669921875,,80ec3f676e17debf
1498222768328,189.84671020507812,,80ec3f676e17debf
1498222768367,189.0402374267578,,80ec3f676e17debf
1498222768377,188.67269897460938,,80ec3f676e17debf
1498222768398,187.62962341308594,,80ec3f676e17debf
1498222768418,186.16099548339844,,80ec3f676e17debf
1498222768448,184.43707275390625,,80ec3f676e17debf
1498222768458,184.1322479248047,,80ec3f676e17debf
1498222768488,184.22885131835938,,80ec3f676e17debf
1498222768508,185.19451904296875,,80ec3f676e17debf
1498222768520,185.7435302734375,,80ec3f676e17debf
1498222768559,187.3706512451172,,80ec3f676e17debf
1498222768588,188.7114715576172,,80ec3f676e17debf
1498222768608,189.21636962890625,,80ec3f676e17debf
1498222768638,188.72593688964844,,80ec3f676e17debf
1498222768748,185.36407470703125,,80ec3f676e17debf
1498222768778,185.33628845214844,,80ec3f676e17debf
1498222768810,184.8165283203125,,80ec3f676e17debf
1498222768828,184.3414306640625,,80ec3f676e17debf
1498222768888,183.1583251953125,,80ec3f676e17debf
1498222768899,182.9703369140625,,80ec3f676e17debf
1498222768918,182.5380401611328,,80ec3f676e17debf
1498222768959,181.03860473632812,,80ec3f676e17debf
1498222768981,179.9636993408203,,80ec3f676e17debf
1498222768988,179.54661560058594,,80ec3f676e17debf
1498222769008,178.9196319580078,,80ec3f676e17debf
1498222769028,178.5819091796875,,80ec3f676e17debf
1498222769070,178.79861450195312,,80ec3f676e17debf
1498222769089,179.30026245117188,,80ec3f676e17debf
1498222769119,180.13230895996094,,80ec3f676e17debf
1498222769155,181.0559539794922,,80ec3f676e17debf
1498222769160,181.42782592773438,,80ec3f676e17debf
1498222769179,182.25143432617188,,80ec3f676e17debf
1498222769199,183.2742462158203,,80ec3f676e17debf
1498222769219,184.65792846679688,,80ec3f676e17debf
1498222769239,185.97828674316406,,80ec3f676e17debf
1498222769259,187.26699829101562,,80ec3f676e17debf
1498222769282,188.6416015625,,80ec3f676e17debf
1498222769288,189.36077880859375,,80ec3f676e17debf
1498222769299,190.06068420410156,,80ec3f676e17debf
1498222769329,192.03170776367188,,80ec3f676e17debf
1498222769358,193.4913330078125,,80ec3f676e17debf
1498222769388,193.98538208007812,,80ec3f676e17debf
1498222769408,193.83804321289062,,80ec3f676e17debf
1498222769429,193.5347442626953,,80ec3f676e17debf
1498222769448,193.2237091064453,,80ec3f676e17debf
1498222769469,192.97509765625,,80ec3f676e17debf
1498222769490,192.84820556640625,,80ec3f676e17debf
1498222769503,192.85247802734375,,80ec3f676e17debf
1498222769519,193.0494384765625,,80ec3f676e17debf
1498222769539,193.3530731201172,,80ec3f676e17debf
1498222769568,193.6565399169922,,80ec3f676e17debf
1498222769581,193.6162567138672,,80ec3f676e17debf
1498222769613,192.649169921875,,80ec3f676e17debf
1498222769638,189.88047790527344,,80ec3f676e17debf
1498222769959,189.289794921875,,80ec3f676e17debf
1498222770009,187.24420166015625,,80ec3f676e17debf
1498222770048,184.22561645507812,,80ec3f676e17debf
1498222770069,182.2271728515625,,80ec3f676e17debf
1498222770092,180.36277770996094,,80ec3f676e17debf
1498222770099,179.6802520751953,,80ec3f676e17debf
1498222770470,188.5869140625,,80ec3f676e17debf
1498222770918,189.38377380371094,,80ec3f676e17debf
1498222770968,189.5601043701172,,80ec3f676e17debf
1498222770988,189.61727905273438,,80ec3f676e17debf
1498222771008,189.526611328125,,80ec3f676e17debf
1498222771039,188.9998016357422,,80ec3f676e17debf
1498222771068,188.5627899169922,,80ec3f676e17debf
1498222771088,188.26097106933594,,80ec3f676e17debf
1498222771108,187.8596649169922,,80ec3f676e17debf
1498222771129,187.42617797851562,,80ec3f676e17debf
1498222771418,184.5340118408203,,80ec3f676e17debf
1498222771478,191.60374450683594,,80ec3f676e17debf
1498222771509,193.01663208007812,,80ec3f676e17debf
1498222771532,193.48095703125,,80ec3f676e17debf
1498222771560,193.64158630371094,,80ec3f676e17debf
1498222771588,193.81011962890625,,80ec3f676e17debf
1498222771620,193.94761657714844,,80ec3f676e17debf
1498222771669,193.57406616210938,,80ec3f676e17debf
1498222771690,193.73947143554688,,80ec3f676e17debf
1498222771718,194.67898559570312,,80ec3f676e17debf
1498222771748,195.8719940185547,,80ec3f676e17debf
1498222771768,196.58782958984375,,80ec3f676e17debf
1498222771793,197.1551513671875,,80ec3f676e17debf
1498222771808,197.62191772460938,,80ec3f676e17debf
1498222771828,197.88670349121094,,80ec3f676e17debf
1498222771878,197.3083953857422,,80ec3f676e17debf
1498222771888,197.09393310546875,,80ec3f676e17debf
1498222771909,196.69786071777344,,80ec3f676e17debf
1498222771928,196.44207763671875,,80ec3f676e17debf
1498222771949,196.3466033935547,,80ec3f676e17debf
1498222771971,196.34228515625,,80ec3f676e17debf
1498222771989,196.49452209472656,,80ec3f676e17debf
1498222772009,196.74234008789062,,80ec3f676e17debf
1498222772028,196.8569793701172,,80ec3f676e17debf
1498222772048,196.82630920410156,,80ec3f676e17debf
1498222772059,196.79701232910156,,80ec3f676e17debf
1498222772085,196.8380889892578,,80ec3f676e17debf
1498222772119,174.61367797851562,,80ec3f676e17debf
1498222772129,171.2567901611328,,80ec3f676e17debf
1498222772158,170.3657684326172,,80ec3f676e17debf
1498222772170,170.67044067382812,,80ec3f676e17debf
1498222772190,172.0269012451172,,80ec3f676e17debf
1498222772210,173.621826171875,,80ec3f676e17debf
1498222772228,174.24842834472656,,80ec3f676e17debf
1498222772258,174.4263458251953,,80ec3f676e17debf
1498222772279,174.33416748046875,,80ec3f676e17debf
1498222772300,174.23251342773438,,80ec3f676e17debf
1498222772318,173.97488403320312,,80ec3f676e17debf
1498222772349,173.4158477783203,,80ec3f676e17debf
1498222772370,173.34707641601562,,80ec3f676e17debf
1498222772389,173.40638732910156,,80ec3f676e17debf
1498222772422,173.88339233398438,,80ec3f676e17debf
1498222772448,174.17062377929688,,80ec3f676e17debf
1498222772468,174.2393798828125,,80ec3f676e17debf
1498222772489,174.23570251464844,,80ec3f676e17debf
1498222772508,174.1761474609375,,80ec3f676e17debf
1498222772528,174.04000854492188,,80ec3f676e17debf
1498222772548,173.86561584472656,,80ec3f676e17debf
1498222772571,173.66726684570312,,80ec3f676e17debf
1498222772584,173.56494140625,,80ec3f676e17debf
1498222772607,173.38731384277344,,80ec3f676e17debf
1498222772638,173.27735900878906,,80ec3f676e17debf
1498222772670,173.4445343017578,,80ec3f676e17debf
1498222772688,173.73507690429688,,80ec3f676e17debf
1498222772712,174.2496337890625,,80ec3f676e17debf
1498222772730,174.85816955566406,,80ec3f676e17debf
1498222772968,175.6099395751953,,80ec3f676e17debf
1498222773098,174.92247009277344,,80ec3f676e17debf
1498222773117,174.5804443359375,,80ec3f676e17debf
1498222773148,174.04734802246094,,80ec3f676e17debf
1498222773158,173.8382568359375,,80ec3f676e17debf
1498222773179,173.23614501953125,,80ec3f676e17debf
1498222773199,172.5389404296875,,80ec3f676e17debf
1498222773218,171.97348022460938,,80ec3f676e17debf
1498222773239,171.46600341796875,,80ec3f676e17debf
1498222773268,171.12960815429688,,80ec3f676e17debf
1498222773278,171.0364532470703,,80ec3f676e17debf
1498222773299,170.60337829589844,,80ec3f676e17debf
1498222773318,169.8521728515625,,80ec3f676e17debf
1498222773380,167.62722778320312,,80ec3f676e17debf
1498222773398,167.2681427001953,,80ec3f676e17debf
1498222773428,166.92367553710938,,80ec3f676e17debf
1498222773449,166.67706298828125,,80ec3f676e17debf
1498222773468,166.42550659179688,,80ec3f676e17debf
1498222773490,166.2766571044922,,80ec3f676e17debf
1498222773518,166.2953643798828,,80ec3f676e17debf
1498222773548,166.6712646484375,,80ec3f676e17debf
1498222773569,166.8699493408203,,80ec3f676e17debf
1498222773590,166.92987060546875,,80ec3f676e17debf
1498222773618,166.70135498046875,,80ec3f676e17debf
1498222773639,165.96649169921875,,80ec3f676e17debf
1498222773669,163.75582885742188,,80ec3f676e17debf
1498222773678,162.97694396972656,,80ec3f676e17debf
1498222773708,160.8782958984375,,80ec3f676e17debf
1498222773729,159.83631896972656,,80ec3f676e17debf
1498222773783,159.19619750976562,,80ec3f676e17debf
1498222773810,159.08494567871094,,80ec3f676e17debf
1498222773828,158.84278869628906,,80ec3f676e17debf
1498222773858,158.21878051757812,,80ec3f676e17debf
1498222773878,157.69569396972656,,80ec3f676e17debf
1498222773910,157.15850830078125,,80ec3f676e17debf
1498222773929,156.83016967773438,,80ec3f676e17debf
1498222773959,156.32742309570312,,80ec3f676e17debf
1498222773978,155.96517944335938,,80ec3f676e17debf
1498222773994,155.79296875,,80ec3f676e17debf
1498222774029,155.42034912109375,,80ec3f676e17debf
1498222774059,155.58425903320312,,80ec3f676e17debf
1498222774068,155.70420837402344,,80ec3f676e17debf
1498222774088,155.98648071289062,,80ec3f676e17debf
1498222774109,156.38880920410156,,80ec3f676e17debf
1498222774137,156.8354949951172,,80ec3f676e17debf
1498222774168,157.88204956054688,,80ec3f676e17debf
1498222774178,158.17662048339844,,80ec3f676e17debf
1498222774210,158.96240234375,,80ec3f676e17debf
1498222774219,159.34255981445312,,80ec3f676e17debf
1498222774240,160.25547790527344,,80ec3f676e17debf
1498222774269,162.08949279785156,,80ec3f676e17debf
1498222774289,163.26205444335938,,80ec3f676e17debf
1498222774308,164.33139038085938,,80ec3f676e17debf
1498222774321,164.70492553710938,,80ec3f676e17debf
1498222774358,165.39869689941406,,80ec3f676e17debf
1498222774381,165.33009338378906,,80ec3f676e17debf
1498222774399,165.1136016845703,,80ec3f676e17debf
1498222774408,164.9887237548828,,80ec3f676e17debf
1498222774438,164.71066284179688,,80ec3f676e17debf
1498222774468,164.59512329101562,,80ec3f676e17debf
1498222774484,164.45887756347656,,80ec3f676e17debf
1498222774509,163.73902893066406,,80ec3f676e17debf
1498222774528,162.9071502685547,,80ec3f676e17debf
1498222774828,156.60794067382812,,80ec3f676e17debf
1498222774898,159.62181091308594,,80ec3f676e17debf
1498222774918,160.1810760498047,,80ec3f676e17debf
1498222774938,160.45973205566406,,80ec3f676e17debf
1498222774961,160.60215759277344,,80ec3f676e17debf
1498222774972,160.6948699951172,,80ec3f676e17debf
1498222774993,160.97018432617188,,80ec3f676e17debf
1498222775009,161.34368896484375,,80ec3f676e17debf
1498222775028,161.8255615234375,,80ec3f676e17debf
1498222775059,162.3917236328125,,80ec3f676e17debf
1498222775080,162.59136962890625,,80ec3f676e17debf
1498222775118,162.42596435546875,,80ec3f676e17debf
1498222775140,162.254638671875,,80ec3f676e17debf
1498222775168,161.8192596435547,,80ec3f676e17debf
1498222775180,161.61578369140625,,80ec3f676e17debf
1498222775198,161.10301208496094,,80ec3f676e17debf
1498222775218,160.5639190673828,,80ec3f676e17debf
1498222775248,159.88131713867188,,80ec3f676e17debf
1498222775268,159.4132843017578,,80ec3f676e17debf
1498222775278,159.1840362548828,,80ec3f676e17debf
1498222775298,158.7123565673828,,80ec3f676e17debf
1498222775328,158.06478881835938,,80ec3f676e17debf
1498222775361,157.5424346923828,,80ec3f676e17debf
1498222775379,157.27011108398438,,80ec3f676e17debf
1498222775408,157.03543090820312,,80ec3f676e17debf
1498222775432,156.9043731689453,,80ec3f676e17debf
1498222776169,171.1195526123047,,80ec3f676e17debf
1498222776218,174.88023376464844,,80ec3f676e17debf
1498222776248,176.40806579589844,,80ec3f676e17debf
1498222776268,177.43617248535156,,80ec3f676e17debf
1498222776288,178.39321899414062,,80ec3f676e17debf
1498222776308,178.9841766357422,,80ec3f676e17debf
1498222776328,179.43899536132812,,80ec3f676e17debf
1498222776379,180.37110900878906,,80ec3f676e17debf
1498222776398,180.5176239013672,,80ec3f676e17debf
1498222776428,180.54769897460938,,80ec3f676e17debf
1498222776460,180.9888458251953,,80ec3f676e17debf
1498222776468,181.21067810058594,,80ec3f676e17debf
1498222776488,181.6844482421875,,80ec3f676e17debf
1498222776508,182.11129760742188,,80ec3f676e17debf
1498222776529,182.49298095703125,,80ec3f676e17debf
1498222776548,182.87698364257812,,80ec3f676e17debf
1498222776568,183.32595825195312,,80ec3f676e17debf
1498222776588,183.60812377929688,,80ec3f676e17debf
1498222776599,184.13475036621094,,80ec3f676e17debf
1498222776640,185.91773986816406,,80ec3f676e17debf
1498222776658,187.34347534179688,,80ec3f676e17debf
1498222776679,189.0409393310547,,80ec3f676e17debf
1498222776719,192.3760986328125,,80ec3f676e17debf
1498222776759,194.3323974609375,,80ec3f676e17debf
1498222776779,194.99012756347656,,80ec3f676e17debf
1498222776801,195.62705993652344,,80ec3f676e17debf
1498222776812,195.98414611816406,,80ec3f676e17debf
1498222776879,196.06524658203125,,80ec3f676e17debf
1498222776909,194.3625030517578,,80ec3f676e17debf
1498222776932,192.88021850585938,,80ec3f676e17debf
1498222776975,191.2208709716797,,80ec3f676e17debf
1498222776999,190.46116638183594,,80ec3f676e17debf
1498222777029,189.82223510742188,,80ec3f676e17debf
1498222777339,204.89491271972656,,80ec3f676e17debf
1498222777388,208.09329223632812,,80ec3f676e17debf
1498222777408,208.63629150390625,,80ec3f676e17debf
1498222777424,208.6953125,,80ec3f676e17debf
1498222777447,208.90464782714844,,80ec3f676e17debf
1498222777480,210.7933349609375,,80ec3f676e17debf
1498222777520,212.95455932617188,,80ec3f676e17debf
1498222777528,213.2772216796875,,80ec3f676e17debf
1498222777551,214.11627197265625,,80ec3f676e17debf
1498222777558,214.69955444335938,,80ec3f676e17debf
1498222777578,216.0169219970703,,80ec3f676e17debf
1498222777612,217.76776123046875,,80ec3f676e17debf
1498222777628,218.63504028320312,,80ec3f676e17debf
1498222777658,219.8795928955078,,80ec3f676e17debf
1498222777671,220.65911865234375,,80ec3f676e17debf
1498222777689,223.16445922851562,,80ec3f676e17debf
1498222777710,226.22535705566406,,80ec3f676e17debf
1498222777724,227.28604125976562,,80ec3f676e17debf
1498222777758,225.18374633789062,,80ec3f676e17debf
1498222777787,220.04638671875,,80ec3f676e17debf
1498222777790,216.99169921875,,80ec3f676e17debf
1498222777834,210.72705078125,,80ec3f676e17debf
1498222777928,214.4225311279297,,80ec3f676e17debf
1498222777988,216.71368408203125,,80ec3f676e17debf
1498222778011,216.11090087890625,,80ec3f676e17debf
1498222778034,215.12661743164062,,80ec3f676e17debf
1498222778048,213.70086669921875,,80ec3f676e17debf
1498222778075,211.5775146484375,,80ec3f676e17debf
1498222778108,208.84176635742188,,80ec3f676e17debf
1498222778155,207.2861328125,,80ec3f676e17debf
1498222778460,233.02273559570312,,80ec3f676e17debf
1498222778548,237.66705322265625,,80ec3f676e17debf
1498222778579,240.48013305664062,,80ec3f676e17debf
1498222778629,248.12139892578125,,80ec3f676e17debf
1498222778658,251.48306274414062,,80ec3f676e17debf
1498222778679,253.9163818359375,,80ec3f676e17debf
1498222778713,258.0170593261719,,80ec3f676e17debf
1498222778729,261.0340576171875,,80ec3f676e17debf
1498222778758,264.52618408203125,,80ec3f676e17debf
1498222778779,267.2601318359375,,80ec3f676e17debf
1498222778789,268.81365966796875,,80ec3f676e17debf
1498222778809,272.15771484375,,80ec3f676e17debf
1498222778828,275.1983947753906,,80ec3f676e17debf
1498222778848,276.2485046386719,,80ec3f676e17debf
1498222778859,276.4778137207031,,80ec3f676e17debf
1498222778878,276.36968994140625,,80ec3f676e17debf
1498222778898,275.5007019042969,,80ec3f676e17debf
1498222778928,268.4240417480469,,80ec3f676e17debf
1498222778949,259.992431640625,,80ec3f676e17debf
1498222778968,256.9355773925781,,80ec3f676e17debf
1498222778988,255.97674560546875,,80ec3f676e17debf
1498222779008,255.39537048339844,,80ec3f676e17debf
1498222779038,254.3017578125,,80ec3f676e17debf
1498222779050,253.78253173828125,,80ec3f676e17debf
1498222779069,252.02981567382812,,80ec3f676e17debf
1498222779089,250.0374755859375,,80ec3f676e17debf
1498222779100,248.9349365234375,,80ec3f676e17debf
1498222779119,247.13525390625,,80ec3f676e17debf
1498222779128,246.57229614257812,,80ec3f676e17debf
1498222779149,245.80084228515625,,80ec3f676e17debf
1498222779179,245.0018768310547,,80ec3f676e17debf
1498222779199,244.67657470703125,,80ec3f676e17debf
1498222779229,244.87564086914062,,80ec3f676e17debf
1498222779258,246.38729858398438,,80ec3f676e17debf
1498222779269,247.23471069335938,,80ec3f676e17debf
1498222779288,249.79971313476562,,80ec3f676e17debf
1498222779329,257.00030517578125,,80ec3f676e17debf
1498222779383,265.6356201171875,,80ec3f676e17debf
1498222779398,267.4263610839844,,80ec3f676e17debf
1498222779430,268.6566162109375,,80ec3f676e17debf
1498222779459,268.61602783203125,,80ec3f676e17debf
1498222779479,268.1496887207031,,80ec3f676e17debf
1498222779511,268.0311584472656,,80ec3f676e17debf
1498222779528,268.67535400390625,,80ec3f676e17debf
1498222779548,269.5047607421875,,80ec3f676e17debf
1498222779569,270.0658264160156,,80ec3f676e17debf
1498222779593,270.2405090332031,,80ec3f676e17debf
1498222779618,269.65740966796875,,80ec3f676e17debf
1498222779949,284.12615966796875,,80ec3f676e17debf
1498222779998,282.69073486328125,,80ec3f676e17debf
1498222780031,280.00335693359375,,80ec3f676e17debf
1498222780059,274.5875244140625,,80ec3f676e17debf
1498222780068,272.52191162109375,,80ec3f676e17debf
1498222780093,269.55279541015625,,80ec3f676e17debf
1498222780109,267.5337219238281,,80ec3f676e17debf
1498222780128,265.673095703125,,80ec3f676e17debf
1498222780160,261.59637451171875,,80ec3f676e17debf
1498222780181,258.2268981933594,,80ec3f676e17debf
1498222780219,253.96812438964844,,80ec3f676e17debf
1498222780241,251.9105987548828,,80ec3f676e17debf
1498222780269,247.92550659179688,,80ec3f676e17debf
1498222780299,244.32559204101562,,80ec3f676e17debf
1498222780329,241.82525634765625,,80ec3f676e17debf
1498222780368,239.3572235107422,,80ec3f676e17debf
1498222780391,238.1241912841797,,80ec3f676e17debf
1498222780409,236.93032836914062,,80ec3f676e17debf
1498222780428,235.94937133789062,,80ec3f676e17debf
1498222780448,235.12405395507812,,80ec3f676e17debf
1498222780471,234.6216278076172,,80ec3f676e17debf
1498222780490,234.369384765625,,80ec3f676e17debf
1498222780521,233.9427947998047,,80ec3f676e17debf
1498222780549,233.23976135253906,,80ec3f676e17debf
1498222780575,232.63768005371094,,80ec3f676e17debf
1498222780588,232.31552124023438,,80ec3f676e17debf
1498222780601,231.4569549560547,,80ec3f676e17debf
1498222780628,228.45767211914062,,80ec3f676e17debf
1498222780648,226.12095642089844,,80ec3f676e17debf
1498222780668,224.58123779296875,,80ec3f676e17debf
1498222780678,223.9792938232422,,80ec3f676e17debf
1498222780702,223.149169921875,,80ec3f676e17debf
1498222780718,222.3512420654297,,80ec3f676e17debf
1498222781119,219.66253662109375,,80ec3f676e17debf
1498222781189,218.51016235351562,,80ec3f676e17debf
1498222781208,217.6190643310547,,80ec3f676e17debf
1498222781230,216.63377380371094,,80ec3f676e17debf
1498222781258,215.0830535888672,,80ec3f676e17debf
1498222781272,214.4236297607422,,80ec3f676e17debf
1498222781300,212.28614807128906,,80ec3f676e17debf
1498222781330,210.9429168701172,,80ec3f676e17debf
1498222781358,208.2296142578125,,80ec3f676e17debf
1498222781386,205.83985900878906,,80ec3f676e17debf
1498222781420,202.41793823242188,,80ec3f676e17debf
1498222781798,192.2520751953125,,80ec3f676e17debf
1498222781908,193,,80ec3f676e17debf
1498222781938,193.5188751220703,,80ec3f676e17debf
1498222781990,193.78692626953125,,80ec3f676e17debf
1498222782019,193.96485900878906,,80ec3f676e17debf
1498222782046,194.24899291992188,,80ec3f676e17debf
1498222782078,195.24703979492188,,80ec3f676e17debf
1498222782098,195.76287841796875,,80ec3f676e17debf
1498222782119,196.2023468017578,,80ec3f676e17debf
1498222782158,196.950927734375,,80ec3f676e17debf
1498222782169,197.167236328125,,80ec3f676e17debf
1498222782189,197.6629180908203,,80ec3f676e17debf
1498222782199,197.91455078125,,80ec3f676e17debf
1498222782220,198.40931701660156,,80ec3f676e17debf
1498222782249,199.09974670410156,,80ec3f676e17debf
1498222782270,199.49835205078125,,80ec3f676e17debf
1498222782290,199.8207550048828,,80ec3f676e17debf
1498222782308,200.093017578125,,80ec3f676e17debf
1498222782330,200.2882843017578,,80ec3f676e17debf
1498222782389,200.7991485595703,,80ec3f676e17debf
1498222782400,200.9485321044922,,80ec3f676e17debf
1498222782420,201.26890563964844,,80ec3f676e17debf
1498222782441,201.6271514892578,,80ec3f676e17debf
1498222782458,201.97018432617188,,80ec3f676e17debf
1498222782489,202.60743713378906,,80ec3f676e17debf
1498222782509,203.05125427246094,,80ec3f676e17debf
1498222782528,203.46107482910156,,80ec3f676e17debf
1498222782560,203.97499084472656,,80ec3f676e17debf
1498222782579,204.25155639648438,,80ec3f676e17debf
1498222782629,204.59532165527344,,80ec3f676e17debf
1498222782658,204.7216033935547,,80ec3f676e17debf
1498222782689,205.1885223388672,,80ec3f676e17debf
1498222782699,205.4097900390625,,80ec3f676e17debf
1498222782708,205.6475372314453,,80ec3f676e17debf
1498222782751,206.67767333984375,,80ec3f676e17debf
1498222782759,206.94473266601562,,80ec3f676e17debf
1498222782779,207.4441680908203,,80ec3f676e17debf
1498222782809,208.07606506347656,,80ec3f676e17debf
1498222782837,208.47061157226562,,80ec3f676e17debf
1498222782889,209.98338317871094,,80ec3f676e17debf
1498222782930,210.99085998535156,,80ec3f676e17debf
1498222782991,212.14511108398438,,80ec3f676e17debf
1498222783019,212.5994873046875,,80ec3f676e17debf
1498222783058,213.1077423095703,,80ec3f676e17debf
1498222783079,213.25863647460938,,80ec3f676e17debf
1498222783100,213.2899932861328,,80ec3f676e17debf
1498222783121,213.23159790039062,,80ec3f676e17debf
1498222783164,213.30618286132812,,80ec3f676e17debf
1498222783188,213.7100830078125,,80ec3f676e17debf
1498222783212,214.1209259033203,,80ec3f676e17debf
1498222783239,214.83853149414062,,80ec3f676e17debf
1498222783269,215.56710815429688,,80ec3f676e17debf
1498222783289,215.99554443359375,,80ec3f676e17debf
1498222783311,216.404541015625,,80ec3f676e17debf
1498222783331,216.7778778076172,,80ec3f676e17debf
1498222783360,217.27786254882812,,80ec3f676e17debf
1498222783379,217.63050842285156,,80ec3f676e17debf
1498222783398,218.03074645996094,,80ec3f676e17debf
1498222783432,218.6295623779297,,80ec3f676e17debf
1498222783459,219.36785888671875,,80ec3f676e17debf
1498222783468,219.6336212158203,,80ec3f676e17debf
1498222783491,220.1295166015625,,80ec3f676e17debf
1498222783520,220.6668243408203,,80ec3f676e17debf
1498222783559,221.09320068359375,,80ec3f676e17debf
1498222783580,221.3360595703125,,80ec3f676e17debf
1498222783599,221.70382690429688,,80ec3f676e17debf
1498222783618,222.1683807373047,,80ec3f676e17debf
1498222783648,223.15606689453125,,80ec3f676e17debf
1498222783660,223.4794921875,,80ec3f676e17debf
1498222783668,223.7489776611328,,80ec3f676e17debf
1498222783691,224.04824829101562,,80ec3f676e17debf
1498222783699,224.10255432128906,,80ec3f676e17debf
1498222783729,223.85321044921875,,80ec3f676e17debf
1498222783759,224.43569946289062,,80ec3f676e17debf
1498222783779,225.38328552246094,,80ec3f676e17debf
1498222783799,226.13470458984375,,80ec3f676e17debf
1498222783839,227.26040649414062,,80ec3f676e17debf
1498222783888,227.53982543945312,,80ec3f676e17debf
1498222783908,227.53610229492188,,80ec3f676e17debf
1498222783930,227.54818725585938,,80ec3f676e17debf
1498222783959,227.71417236328125,,80ec3f676e17debf
1498222783978,227.9656219482422,,80ec3f676e17debf
1498222783990,228.20626831054688,,80ec3f676e17debf
1498222784013,228.80564880371094,,80ec3f676e17debf
1498222784029,229.5149688720703,,80ec3f676e17debf
1498222784060,230.83343505859375,,80ec3f676e17debf
1498222784078,231.94203186035156,,80ec3f676e17debf
1498222784091,232.53082275390625,,80ec3f676e17debf
1498222784121,234.0648651123047,,80ec3f676e17debf
1498222784150,235.50120544433594,,80ec3f676e17debf
1498222784159,236.0160675048828,,80ec3f676e17debf
1498222784189,237.35313415527344,,80ec3f676e17debf
1498222784199,237.7574005126953,,80ec3f676e17debf
1498222784228,238.86024475097656,,80ec3f676e17debf
1498222784258,239.77899169921875,,80ec3f676e17debf
1498222784278,240.25796508789062,,80ec3f676e17debf
1498222784300,240.6968536376953,,80ec3f676e17debf
1498222784330,241.47882080078125,,80ec3f676e17debf
1498222784359,242.18133544921875,,80ec3f676e17debf
1498222784378,242.50906372070312,,80ec3f676e17debf
1498222784409,242.76480102539062,,80ec3f676e17debf
1498222784429,242.79078674316406,,80ec3f676e17debf
1498222784478,242.490966796875,,80ec3f676e17debf
1498222784498,242.15771484375,,80ec3f676e17debf
1498222784530,241.35153198242188,,80ec3f676e17debf
1498222784600,239.9629364013672,,80ec3f676e17debf
1498222784629,239.5665283203125,,80ec3f676e17debf
1498222784658,239.27975463867188,,80ec3f676e17debf
1498222784679,239.15313720703125,,80ec3f676e17debf
1498222784698,238.92532348632812,,80ec3f676e17debf
1498222784719,238.59231567382812,,80ec3f676e17debf
1498222784749,238.0653076171875,,80ec3f676e17debf
1498222784769,237.70101928710938,,80ec3f676e17debf
1498222784779,237.44970703125,,80ec3f676e17debf
1498222784788,237.15594482421875,,80ec3f676e17debf
1498222784798,236.79583740234375,,80ec3f676e17debf
1498222784828,235.4372100830078,,80ec3f676e17debf
1498222784848,234.37979125976562,,80ec3f676e17debf
1498222784872,233.29238891601562,,80ec3f676e17debf
1498222784888,232.36700439453125,,80ec3f676e17debf
1498222784909,231.48109436035156,,80ec3f676e17debf
1498222784938,230.25645446777344,,80ec3f676e17debf
1498222784949,229.82879638671875,,80ec3f676e17debf
1498222784960,229.39051818847656,,80ec3f676e17debf
1498222784988,228.1824493408203,,80ec3f676e17debf
1498222784999,227.77931213378906,,80ec3f676e17debf
1498222785018,226.80087280273438,,80ec3f676e17debf
1498222785048,224.69500732421875,,80ec3f676e17debf
1498222785060,224.00296020507812,,80ec3f676e17debf
1498222785080,222.8701171875,,80ec3f676e17debf
1498222785099,222.0856475830078,,80ec3f676e17debf
1498222785130,221.214111328125,,80ec3f676e17debf
1498222785169,220.37322998046875,,80ec3f676e17debf
1498222785182,220.20236206054688,,80ec3f676e17debf
1498222785199,219.966552734375,,80ec3f676e17debf
1498222785231,219.8973846435547,,80ec3f676e17debf
1498222785248,219.87106323242188,,80ec3f676e17debf
1498222785278,219.73475646972656,,80ec3f676e17debf
1498222785289,219.64599609375,,80ec3f676e17debf
1498222785320,219.58314514160156,,80ec3f676e17debf
1498222785408,220.2095184326172,,80ec3f676e17debf
1498222785429,220.38681030273438,,80ec3f676e17debf
1498222785450,220.60183715820312,,80ec3f676e17debf
1498222785479,221.0073699951172,,80ec3f676e17debf
1498222785491,221.12255859375,,80ec3f676e17debf
1498222785511,221.3005828857422,,80ec3f676e17debf
1498222785529,221.3475799560547,,80ec3f676e17debf
1498222785559,221.22608947753906,,80ec3f676e17debf
1498222785571,221.16299438476562,,80ec3f676e17debf
1498222785580,221.1029510498047,,80ec3f676e17debf
1498222785629,220.92108154296875,,80ec3f676e17debf
1498222785648,220.70111083984375,,80ec3f676e17debf
1498222785658,220.52798461914062,,80ec3f676e17debf
1498222785678,220.0872802734375,,80ec3f676e17debf
1498222785699,219.60206604003906,,80ec3f676e17debf
1498222785710,219.32733154296875,,80ec3f676e17debf
1498222785729,218.76246643066406,,80ec3f676e17debf
1498222785759,217.94635009765625,,80ec3f676e17debf
1498222785780,217.48556518554688,,80ec3f676e17debf
1498222785799,217.15586853027344,,80ec3f676e17debf
1498222785809,217.0211181640625,,80ec3f676e17debf
1498222785829,216.8075714111328,,80ec3f676e17debf
1498222785851,216.66661071777344,,80ec3f676e17debf
1498222785860,216.62631225585938,,80ec3f676e17debf
1498222785889,216.505859375,,80ec3f676e17debf
1498222785919,216.37889099121094,,80ec3f676e17debf
1498222786006,216.57772827148438,,80ec3f676e17debf
1498222786044,216.92567443847656,,80ec3f676e17debf
1498222786099,216.70526123046875,,80ec3f676e17debf
1498222786142,215.84365844726562,,80ec3f676e17debf
1498222786178,214.96095275878906,,80ec3f676e17debf
1498222786221,213.6703338623047,,80ec3f676e17debf
1498222786258,211.48150634765625,,80ec3f676e17debf
1498222786271,210.8324737548828,,80ec3f676e17debf
1498222786289,209.55308532714844,,80ec3f676e17debf
1498222786309,208.45404052734375,,80ec3f676e17debf
1498222786332,207.6765594482422,,80ec3f676e17debf
1498222786359,206.94961547851562,,80ec3f676e17debf
1498222786375,206.78456115722656,,80ec3f676e17debf
1498222786389,206.54832458496094,,80ec3f676e17debf
1498222786408,206.41770935058594,,80ec3f676e17debf
1498222786429,206.3754119873047,,80ec3f676e17debf
1498222786459,206.43008422851562,,80ec3f676e17debf
1498222786481,206.4828338623047,,80ec3f676e17debf
1498222786510,206.6542205810547,,80ec3f676e17debf
1498222786519,206.72634887695312,,80ec3f676e17debf
1498222786589,207.679443359375,,80ec3f676e17debf
1498222786609,208.12576293945312,,80ec3f676e17debf
1498222786638,208.8524932861328,,80ec3f676e17debf
1498222786660,209.4155731201172,,80ec3f676e17debf
1498222786681,209.99691772460938,,80ec3f676e17debf
1498222786689,210.25686645507812,,80ec3f676e17debf
1498222786713,210.72023010253906,,80ec3f676e17debf
1498222786734,211.16319274902344,,80ec3f676e17debf
1498222786760,211.8979949951172,,80ec3f676e17debf
1498222786780,212.3196563720703,,80ec3f676e17debf
1498222786800,212.7388153076172,,80ec3f676e17debf
1498222786834,213.3735809326172,,80ec3f676e17debf
1498222786871,214.11004638671875,,80ec3f676e17debf
1498222786890,214.26699829101562,,80ec3f676e17debf
1498222786909,214.26722717285156,,80ec3f676e17debf
1498222786930,214.15972900390625,,80ec3f676e17debf
1498222786958,214.0292205810547,,80ec3f676e17debf
1498222786978,213.9732666015625,,80ec3f676e17debf
1498222787010,213.84930419921875,,80ec3f676e17debf
1498222787029,213.82156372070312,,80ec3f676e17debf
1498222787050,213.94496154785156,,80ec3f676e17debf
1498222787072,214.25393676757812,,80ec3f676e17debf
1498222787079,214.4247283935547,,80ec3f676e17debf
1498222787108,214.96261596679688,,80ec3f676e17debf
1498222787129,215.2500457763672,,80ec3f676e17debf
1498222787169,215.8526153564453,,80ec3f676e17debf
1498222787194,216.24334716796875,,80ec3f676e17debf
1498222787210,216.6408233642578,,80ec3f676e17debf
1498222787229,217.0711212158203,,80ec3f676e17debf
1498222787259,217.7530517578125,,80ec3f676e17debf
1498222787271,217.8999786376953,,80ec3f676e17debf
1498222787280,218.023681640625,,80ec3f676e17debf
1498222787309,218.26612854003906,,80ec3f676e17debf
1498222787329,218.27049255371094,,80ec3f676e17debf
1498222787359,217.8642578125,,80ec3f676e17debf
1498222787370,217.63217163085938,,80ec3f676e17debf
1498222787393,217.0962371826172,,80ec3f676e17debf
1498222787425,216.23052978515625,,80ec3f676e17debf
1498222787448,215.1377410888672,,80ec3f676e17debf
1498222787469,214.24876403808594,,80ec3f676e17debf
1498222787493,213.27951049804688,,80ec3f676e17debf
1498222787513,212.29440307617188,,80ec3f676e17debf
1498222787529,211.2845001220703,,80ec3f676e17debf
1498222787559,209.84625244140625,,80ec3f676e17debf
1498222787588,208.96173095703125,,80ec3f676e17debf
1498222787602,208.22866821289062,,80ec3f676e17debf
1498222787630,207.2490234375,,80ec3f676e17debf
1498222787659,206.4814910888672,,80ec3f676e17debf
1498222787669,206.29759216308594,,80ec3f676e17debf
1498222787679,206.17164611816406,,80ec3f676e17debf
1498222787709,206.15518188476562,,80ec3f676e17debf
1498222787720,206.22274780273438,,80ec3f676e17debf
1498222787729,206.27310180664062,,80ec3f676e17debf
1498222787759,206.2672882080078,,80ec3f676e17debf
1498222787780,206.31546020507812,,80ec3f676e17debf
1498222787809,206.60385131835938,,80ec3f676e17debf
1498222787833,206.9680938720703,,80ec3f676e17debf
1498222787899,208.43882751464844,,80ec3f676e17debf
1498222787951,209.60853576660156,,80ec3f676e17debf
1498222787999,210.35130310058594,,80ec3f676e17debf
1498222788052,211.02230834960938,,80ec3f676e17debf
1498222788081,211.5062713623047,,80ec3f676e17debf
1498222788109,211.7904052734375,,80ec3f676e17debf
1498222788121,211.77151489257812,,80ec3f676e17debf
1498222788160,211.1072998046875,,80ec3f676e17debf
1498222788179,210.545654296875,,80ec3f676e17debf
1498222788199,210.02500915527344,,80ec3f676e17debf
1498222788222,209.62059020996094,,80ec3f676e17debf
1498222788249,209.09698486328125,,80ec3f676e17debf
1498222788279,208.66807556152344,,80ec3f676e17debf
1498222788313,208.2999725341797,,80ec3f676e17debf
1498222788329,208.1800537109375,,80ec3f676e17debf
1498222788379,208.26731872558594,,80ec3f676e17debf
1498222788399,208.21981811523438,,80ec3f676e17debf
1498222788419,208.11241149902344,,80ec3f676e17debf
1498222788460,208.0021209716797,,80ec3f676e17debf
1498222788469,208.033935546875,,80ec3f676e17debf
1498222788499,208.31649780273438,,80ec3f676e17debf
1498222788539,209.12591552734375,,80ec3f676e17debf
1498222788559,209.56507873535156,,80ec3f676e17debf
1498222788579,209.9482879638672,,80ec3f676e17debf
1498222788609,210.20237731933594,,80ec3f676e17debf
1498222788640,209.9186553955078,,80ec3f676e17debf
1498222788660,209.5105743408203,,80ec3f676e17debf
1498222788669,209.27662658691406,,80ec3f676e17debf
1498222788689,208.77032470703125,,80ec3f676e17debf
1498222788699,208.5071563720703,,80ec3f676e17debf
1498222788719,207.97067260742188,,80ec3f676e17debf
1498222788749,207.0099334716797,,80ec3f676e17debf
1498222788760,206.60601806640625,,80ec3f676e17debf
1498222788779,205.63941955566406,,80ec3f676e17debf
1498222788799,204.4113311767578,,80ec3f676e17debf
1498222788828,202.46705627441406,,80ec3f676e17debf
1498222788849,201.39369201660156,,80ec3f676e17debf
1498222788861,200.92800903320312,,80ec3f676e17debf
1498222788881,200.12091064453125,,80ec3f676e17debf
1498222788922,198.97372436523438,,80ec3f676e17debf
1498222788959,198.3155517578125,,80ec3f676e17debf
1498222788973,198.23452758789062,,80ec3f676e17debf
1498222788993,198.26669311523438,,80ec3f676e17debf
1498222789009,198.54379272460938,,80ec3f676e17debf
1498222789029,198.97073364257812,,80ec3f676e17debf
1498222789059,199.40621948242188,,80ec3f676e17debf
1498222789079,199.63742065429688,,80ec3f676e17debf
1498222789099,199.99501037597656,,80ec3f676e17debf
1498222789121,200.61135864257812,,80ec3f676e17debf
1498222789149,201.88189697265625,,80ec3f676e17debf
1498222789178,203.50889587402344,,80ec3f676e17debf
1498222789209,205.2828826904297,,80ec3f676e17debf
1498222789229,206.0716552734375,,80ec3f676e17debf
1498222789259,206.71435546875,,80ec3f676e17debf
1498222789289,206.87802124023438,,80ec3f676e17debf
1498222789328,206.76394653320312,,80ec3f676e17debf
1498222789362,207.0364990234375,,80ec3f676e17debf
1498222789391,207.6355438232422,,80ec3f676e17debf
1498222789420,208.3398895263672,,80ec3f676e17debf
1498222789439,208.73153686523438,,80ec3f676e17debf
1498222789528,206.63377380371094,,80ec3f676e17debf
1498222789621,204.34915161132812,,80ec3f676e17debf
1498222789683,204.1326904296875,,80ec3f676e17debf
1498222789709,204.05416870117188,,80ec3f676e17debf
1498222789719,203.9889373779297,,80ec3f676e17debf
1498222789769,203.65953063964844,,80ec3f676e17debf
1498222789789,203.71913146972656,,80ec3f676e17debf
1498222789819,204.0548858642578,,80ec3f676e17debf
1498222789940,206.07684326171875,,80ec3f676e17debf
1498222789990,205.6905975341797,,80ec3f676e17debf
1498222790018,205.31199645996094,,80ec3f676e17debf
1498222790039,204.63450622558594,,80ec3f676e17debf
1498222790071,203.9275665283203,,80ec3f676e17debf
1498222790099,203.11598205566406,,80ec3f676e17debf
1498222790119,202.4636993408203,,80ec3f676e17debf
1498222790150,201.304931640625,,80ec3f676e17debf
1498222790169,200.4405517578125,,80ec3f676e17debf
1498222790201,199.27749633789062,,80ec3f676e17debf
1498222790230,198.23878479003906,,80ec3f676e17debf
1498222791489,206.25247192382812,,80ec3f676e17debf
1498222791609,205.8302459716797,,80ec3f676e17debf
1498222791679,204.9561767578125,,80ec3f676e17debf
1498222791689,204.81983947753906,,80ec3f676e17debf
1498222791711,204.56866455078125,,80ec3f676e17debf
1498222791719,204.4505157470703,,80ec3f676e17debf
1498222791744,204.24447631835938,,80ec3f676e17debf
1498222791835,203.59860229492188,,80ec3f676e17debf
1498222791859,203.31373596191406,,80ec3f676e17debf
1498222791889,203.0449981689453,,80ec3f676e17debf
1498222791921,202.8208770751953,,80ec3f676e17debf
1498222791959,202.7226104736328,,80ec3f676e17debf
1498222791979,202.70533752441406,,80ec3f676e17debf
1498222792000,202.69509887695312,,80ec3f676e17debf
1498222792020,202.6637420654297,,80ec3f676e17debf
1498222792049,202.59884643554688,,80ec3f676e17debf
1498222792069,202.54904174804688,,80ec3f676e17debf
1498222792079,202.5188751220703,,80ec3f676e17debf
1498222792103,202.47132873535156,,80ec3f676e17debf
1498222792119,202.4122314453125,,80ec3f676e17debf
1498222792198,201.9779052734375,,80ec3f676e17debf
1498222792219,201.95472717285156,,80ec3f676e17debf
