1497865114938,24:de:c6:e5:4c:11,-78;,ec:08:6b:8a:c2:69,-72;,c8:51:95:a2:9f:a8,-85;,00:26:3e:a3:20:40,-82;,00:26:3e:a3:20:46,-82;,00:26:3e:a3:20:48,-82;,00:26:3e:a3:20:42,-84;,00:26:3e:a3:20:4a,-84;,00:26:3e:a3:20:50,-85;,00:26:3e:a3:20:4e,-85;,00:26:3e:a3:20:4c,-85;,00:26:3e:a3:20:52,-85;,00:26:3e:a3:20:44,-80;,,80ec3f676e17debf
1497865115276,24:de:c6:e5:4c:11,-78;,ec:08:6b:8a:c2:69,-72;,c8:51:95:a2:9f:a8,-85;,00:26:3e:a3:20:40,-82;,00:26:3e:a3:20:46,-82;,00:26:3e:a3:20:48,-82;,00:26:3e:a3:20:42,-84;,00:26:3e:a3:20:4a,-84;,00:26:3e:a3:20:50,-85;,00:26:3e:a3:20:4e,-85;,00:26:3e:a3:20:4c,-85;,00:26:3e:a3:20:52,-85;,00:26:3e:a3:20:44,-80;,,80ec3f676e17debf
1497865116057,24:de:c6:e5:4c:11,-78;,ec:08:6b:8a:c2:69,-72;,c8:51:95:a2:9f:a8,-85;,00:26:3e:a3:20:40,-82;,00:26:3e:a3:20:46,-82;,00:26:3e:a3:20:48,-82;,00:26:3e:a3:20:42,-84;,00:26:3e:a3:20:4a,-84;,00:26:3e:a3:20:50,-85;,00:26:3e:a3:20:4e,-85;,00:26:3e:a3:20:4c,-85;,00:26:3e:a3:20:52,-85;,00:26:3e:a3:20:44,-80;,,80ec3f676e17debf
1497865116102,24:de:c6:e5:4c:11,-78;,ec:08:6b:8a:c2:69,-72;,c8:51:95:a2:9f:a8,-85;,00:26:3e:a3:20:40,-82;,00:26:3e:a3:20:46,-82;,00:26:3e:a3:20:48,-82;,00:26:3e:a3:20:42,-84;,00:26:3e:a3:20:4a,-84;,00:26:3e:a3:20:50,-85;,00:26:3e:a3:20:4e,-85;,00:26:3e:a3:20:4c,-85;,00:26:3e:a3:20:52,-85;,00:26:3e:a3:20:44,-80;,,80ec3f676e17debf
1497865116366,24:de:c6:e5:4c:11,-75;,ec:08:6b:8a:c2:69,-70;,c8:51:95:a2:9f:a8,-82;,00:26:3e:a3:20:40,-80;,00:26:3e:a3:20:46,-79;,00:26:3e:a3:20:48,-80;,00:26:3e:a3:20:42,-81;,00:26:3e:a3:20:4a,-82;,00:26:3e:a3:20:50,-82;,00:26:3e:a3:20:4e,-83;,00:26:3e:a3:20:4c,-82;,00:26:3e:a3:20:52,-83;,00:26:3e:a3:20:44,-77;,,80ec3f676e17debf
1497865116657,24:de:c6:e5:4c:11,-75;,ec:08:6b:8a:c2:69,-70;,c8:51:95:a2:9f:a8,-82;,00:26:3e:a3:20:40,-80;,00:26:3e:a3:20:46,-79;,00:26:3e:a3:20:48,-80;,00:26:3e:a3:20:42,-81;,00:26:3e:a3:20:4a,-82;,00:26:3e:a3:20:50,-82;,00:26:3e:a3:20:4e,-83;,00:26:3e:a3:20:4c,-82;,00:26:3e:a3:20:52,-83;,00:26:3e:a3:20:44,-77;,,80ec3f676e17debf
1497865117379,24:de:c6:e5:4c:11,-78;,ec:08:6b:8a:c2:69,-65;,c8:51:95:a2:9f:a8,-82;,00:26:3e:a3:20:40,-82;,00:26:3e:a3:20:46,-82;,00:26:3e:a3:20:48,-82;,00:26:3e:a3:20:42,-84;,00:26:3e:a3:20:4a,-84;,00:26:3e:a3:20:50,-85;,00:26:3e:a3:20:4e,-85;,00:26:3e:a3:20:4c,-85;,00:26:3e:a3:20:52,-85;,00:26:3e:a3:20:44,-80;,00:26:3e:5a:38:c0,-86;,34:31:c4:df:21:46,-93;,,80ec3f676e17debf
1497865117569,24:de:c6:e5:4c:11,-78;,ec:08:6b:8a:c2:69,-65;,c8:51:95:a2:9f:a8,-82;,00:26:3e:a3:20:40,-82;,00:26:3e:a3:20:46,-82;,00:26:3e:a3:20:48,-82;,00:26:3e:a3:20:42,-84;,00:26:3e:a3:20:4a,-84;,00:26:3e:a3:20:50,-85;,00:26:3e:a3:20:4e,-85;,00:26:3e:a3:20:4c,-85;,00:26:3e:a3:20:52,-85;,00:26:3e:a3:20:44,-80;,00:26:3e:5a:38:c0,-86;,34:31:c4:df:21:46,-93;,,80ec3f676e17debf
1497865117848,24:de:c6:e5:4c:11,-78;,ec:08:6b:8a:c2:69,-65;,c8:51:95:a2:9f:a8,-82;,00:26:3e:a3:20:40,-82;,00:26:3e:a3:20:46,-82;,00:26:3e:a3:20:48,-82;,00:26:3e:a3:20:42,-84;,00:26:3e:a3:20:4a,-84;,00:26:3e:a3:20:50,-85;,00:26:3e:a3:20:4e,-85;,00:26:3e:a3:20:4c,-85;,00:26:3e:a3:20:52,-85;,00:26:3e:a3:20:44,-80;,00:26:3e:5a:38:c0,-86;,34:31:c4:df:21:46,-93;,,80ec3f676e17debf
1497865118159,24:de:c6:e5:4c:11,-78;,ec:08:6b:8a:c2:69,-65;,c8:51:95:a2:9f:a8,-82;,00:26:3e:a3:20:40,-82;,00:26:3e:a3:20:46,-82;,00:26:3e:a3:20:48,-82;,00:26:3e:a3:20:42,-84;,00:26:3e:a3:20:4a,-84;,00:26:3e:a3:20:50,-85;,00:26:3e:a3:20:4e,-85;,00:26:3e:a3:20:4c,-85;,00:26:3e:a3:20:52,-85;,00:26:3e:a3:20:44,-80;,00:26:3e:5a:38:c0,-86;,34:31:c4:df:21:46,-93;,,80ec3f676e17debf
1497865118432,24:de:c6:e5:4c:11,-78;,ec:08:6b:8a:c2:69,-65;,c8:51:95:a2:9f:a8,-82;,00:26:3e:a3:20:40,-82;,00:26:3e:a3:20:46,-82;,00:26:3e:a3:20:48,-82;,00:26:3e:a3:20:42,-84;,00:26:3e:a3:20:4a,-84;,00:26:3e:a3:20:50,-85;,00:26:3e:a3:20:4e,-85;,00:26:3e:a3:20:4c,-85;,00:26:3e:a3:20:52,-85;,00:26:3e:a3:20:44,-80;,00:26:3e:5a:38:c0,-86;,34:31:c4:df:21:46,-93;,,80ec3f676e17debf
1497865118736,24:de:c6:e5:4c:11,-78;,ec:08:6b:8a:c2:69,-65;,c8:51:95:a2:9f:a8,-82;,00:26:3e:a3:20:40,-82;,00:26:3e:a3:20:46,-82;,00:26:3e:a3:20:48,-82;,00:26:3e:a3:20:42,-84;,00:26:3e:a3:20:4a,-84;,00:26:3e:a3:20:50,-85;,00:26:3e:a3:20:4e,-85;,00:26:3e:a3:20:4c,-85;,00:26:3e:a3:20:52,-85;,00:26:3e:a3:20:44,-80;,00:26:3e:5a:38:c0,-86;,34:31:c4:df:21:46,-93;,,80ec3f676e17debf
1497865119095,24:de:c6:e5:4c:11,-78;,ec:08:6b:8a:c2:69,-65;,c8:51:95:a2:9f:a8,-82;,00:26:3e:a3:20:40,-82;,00:26:3e:a3:20:46,-82;,00:26:3e:a3:20:48,-82;,00:26:3e:a3:20:42,-84;,00:26:3e:a3:20:4a,-84;,00:26:3e:a3:20:50,-85;,00:26:3e:a3:20:4e,-85;,00:26:3e:a3:20:4c,-85;,00:26:3e:a3:20:52,-85;,00:26:3e:a3:20:44,-80;,00:26:3e:5a:38:c0,-86;,34:31:c4:df:21:46,-93;,,80ec3f676e17debf
1497865119348,24:de:c6:e5:4c:11,-78;,ec:08:6b:8a:c2:69,-65;,c8:51:95:a2:9f:a8,-82;,00:26:3e:a3:20:40,-82;,00:26:3e:a3:20:46,-82;,00:26:3e:a3:20:48,-82;,00:26:3e:a3:20:42,-84;,00:26:3e:a3:20:4a,-84;,00:26:3e:a3:20:50,-85;,00:26:3e:a3:20:4e,-85;,00:26:3e:a3:20:4c,-85;,00:26:3e:a3:20:52,-85;,00:26:3e:a3:20:44,-80;,00:26:3e:5a:38:c0,-86;,34:31:c4:df:21:46,-93;,,80ec3f676e17debf
1497865119650,24:de:c6:e5:4c:11,-78;,ec:08:6b:8a:c2:69,-65;,c8:51:95:a2:9f:a8,-82;,00:26:3e:a3:20:40,-82;,00:26:3e:a3:20:46,-82;,00:26:3e:a3:20:48,-82;,00:26:3e:a3:20:42,-84;,00:26:3e:a3:20:4a,-84;,00:26:3e:a3:20:50,-85;,00:26:3e:a3:20:4e,-85;,00:26:3e:a3:20:4c,-85;,00:26:3e:a3:20:52,-85;,00:26:3e:a3:20:44,-80;,00:26:3e:5a:38:c0,-86;,34:31:c4:df:21:46,-93;,,80ec3f676e17debf
1497865119955,24:de:c6:e5:4c:11,-78;,ec:08:6b:8a:c2:69,-65;,c8:51:95:a2:9f:a8,-82;,00:26:3e:a3:20:40,-82;,00:26:3e:a3:20:46,-82;,00:26:3e:a3:20:48,-82;,00:26:3e:a3:20:42,-84;,00:26:3e:a3:20:4a,-84;,00:26:3e:a3:20:50,-85;,00:26:3e:a3:20:4e,-85;,00:26:3e:a3:20:4c,-85;,00:26:3e:a3:20:52,-85;,00:26:3e:a3:20:44,-80;,00:26:3e:5a:38:c0,-86;,34:31:c4:df:21:46,-93;,,80ec3f676e17debf
1497865120252,24:de:c6:e5:4c:11,-78;,ec:08:6b:8a:c2:69,-65;,c8:51:95:a2:9f:a8,-82;,00:26:3e:a3:20:40,-82;,00:26:3e:a3:20:46,-82;,00:26:3e:a3:20:48,-82;,00:26:3e:a3:20:42,-84;,00:26:3e:a3:20:4a,-84;,00:26:3e:a3:20:50,-85;,00:26:3e:a3:20:4e,-85;,00:26:3e:a3:20:4c,-85;,00:26:3e:a3:20:52,-85;,00:26:3e:a3:20:44,-80;,00:26:3e:5a:38:c0,-86;,34:31:c4:df:21:46,-93;,,80ec3f676e17debf
1497865120556,24:de:c6:e5:4c:11,-78;,ec:08:6b:8a:c2:69,-65;,c8:51:95:a2:9f:a8,-82;,00:26:3e:a3:20:40,-82;,00:26:3e:a3:20:46,-82;,00:26:3e:a3:20:48,-82;,00:26:3e:a3:20:42,-84;,00:26:3e:a3:20:4a,-84;,00:26:3e:a3:20:50,-85;,00:26:3e:a3:20:4e,-85;,00:26:3e:a3:20:4c,-85;,00:26:3e:a3:20:52,-85;,00:26:3e:a3:20:44,-80;,00:26:3e:5a:38:c0,-86;,34:31:c4:df:21:46,-93;,,80ec3f676e17debf
1497865120850,24:de:c6:e5:4c:11,-78;,ec:08:6b:8a:c2:69,-65;,c8:51:95:a2:9f:a8,-82;,00:26:3e:a3:20:40,-82;,00:26:3e:a3:20:46,-82;,00:26:3e:a3:20:48,-82;,00:26:3e:a3:20:42,-84;,00:26:3e:a3:20:4a,-84;,00:26:3e:a3:20:50,-85;,00:26:3e:a3:20:4e,-85;,00:26:3e:a3:20:4c,-85;,00:26:3e:a3:20:52,-85;,00:26:3e:a3:20:44,-80;,00:26:3e:5a:38:c0,-86;,34:31:c4:df:21:46,-93;,,80ec3f676e17debf
1497865121146,24:de:c6:e5:4c:11,-78;,ec:08:6b:8a:c2:69,-65;,c8:51:95:a2:9f:a8,-82;,00:26:3e:a3:20:40,-82;,00:26:3e:a3:20:46,-82;,00:26:3e:a3:20:48,-82;,00:26:3e:a3:20:42,-84;,00:26:3e:a3:20:4a,-84;,00:26:3e:a3:20:50,-85;,00:26:3e:a3:20:4e,-85;,00:26:3e:a3:20:4c,-85;,00:26:3e:a3:20:52,-85;,00:26:3e:a3:20:44,-80;,00:26:3e:5a:38:c0,-86;,34:31:c4:df:21:46,-93;,,80ec3f676e17debf
1497865121446,24:de:c6:e5:4c:11,-78;,ec:08:6b:8a:c2:69,-65;,c8:51:95:a2:9f:a8,-82;,00:26:3e:a3:20:40,-82;,00:26:3e:a3:20:46,-82;,00:26:3e:a3:20:48,-82;,00:26:3e:a3:20:42,-84;,00:26:3e:a3:20:4a,-84;,00:26:3e:a3:20:50,-85;,00:26:3e:a3:20:4e,-85;,00:26:3e:a3:20:4c,-85;,00:26:3e:a3:20:52,-85;,00:26:3e:a3:20:44,-80;,00:26:3e:5a:38:c0,-86;,34:31:c4:df:21:46,-93;,,80ec3f676e17debf
1497865121748,24:de:c6:e5:4c:11,-78;,ec:08:6b:8a:c2:69,-65;,c8:51:95:a2:9f:a8,-82;,00:26:3e:a3:20:40,-82;,00:26:3e:a3:20:46,-82;,00:26:3e:a3:20:48,-82;,00:26:3e:a3:20:42,-84;,00:26:3e:a3:20:4a,-84;,00:26:3e:a3:20:50,-85;,00:26:3e:a3:20:4e,-85;,00:26:3e:a3:20:4c,-85;,00:26:3e:a3:20:52,-85;,00:26:3e:a3:20:44,-80;,00:26:3e:5a:38:c0,-86;,34:31:c4:df:21:46,-93;,,80ec3f676e17debf
1497865122281,24:de:c6:e5:4c:11,-78;,ec:08:6b:8a:c2:69,-65;,c8:51:95:a2:9f:a8,-82;,00:26:3e:a3:20:40,-82;,00:26:3e:a3:20:46,-82;,00:26:3e:a3:20:48,-82;,00:26:3e:a3:20:42,-84;,00:26:3e:a3:20:4a,-84;,00:26:3e:a3:20:50,-85;,00:26:3e:a3:20:4e,-85;,00:26:3e:a3:20:4c,-85;,00:26:3e:a3:20:52,-85;,00:26:3e:a3:20:44,-80;,00:26:3e:5a:38:c0,-86;,34:31:c4:df:21:46,-93;,,80ec3f676e17debf
1497865122352,24:de:c6:e5:4c:11,-78;,ec:08:6b:8a:c2:69,-65;,c8:51:95:a2:9f:a8,-82;,00:26:3e:a3:20:40,-82;,00:26:3e:a3:20:46,-82;,00:26:3e:a3:20:48,-82;,00:26:3e:a3:20:42,-84;,00:26:3e:a3:20:4a,-84;,00:26:3e:a3:20:50,-85;,00:26:3e:a3:20:4e,-85;,00:26:3e:a3:20:4c,-85;,00:26:3e:a3:20:52,-85;,00:26:3e:a3:20:44,-80;,00:26:3e:5a:38:c0,-86;,34:31:c4:df:21:46,-93;,,80ec3f676e17debf
1497865122650,24:de:c6:e5:4c:11,-78;,ec:08:6b:8a:c2:69,-65;,c8:51:95:a2:9f:a8,-82;,00:26:3e:a3:20:40,-82;,00:26:3e:a3:20:46,-82;,00:26:3e:a3:20:48,-82;,00:26:3e:a3:20:42,-84;,00:26:3e:a3:20:4a,-84;,00:26:3e:a3:20:50,-85;,00:26:3e:a3:20:4e,-85;,00:26:3e:a3:20:4c,-85;,00:26:3e:a3:20:52,-85;,00:26:3e:a3:20:44,-80;,00:26:3e:5a:38:c0,-86;,34:31:c4:df:21:46,-93;,,80ec3f676e17debf
1497865122997,24:de:c6:e5:4c:11,-78;,ec:08:6b:8a:c2:69,-65;,c8:51:95:a2:9f:a8,-82;,00:26:3e:a3:20:40,-82;,00:26:3e:a3:20:46,-82;,00:26:3e:a3:20:48,-82;,00:26:3e:a3:20:42,-84;,00:26:3e:a3:20:4a,-84;,00:26:3e:a3:20:50,-85;,00:26:3e:a3:20:4e,-85;,00:26:3e:a3:20:4c,-85;,00:26:3e:a3:20:52,-85;,00:26:3e:a3:20:44,-80;,00:26:3e:5a:38:c0,-86;,34:31:c4:df:21:46,-93;,,80ec3f676e17debf
1497865123238,24:de:c6:e5:4c:11,-78;,ec:08:6b:8a:c2:69,-65;,c8:51:95:a2:9f:a8,-82;,00:26:3e:a3:20:40,-82;,00:26:3e:a3:20:46,-82;,00:26:3e:a3:20:48,-82;,00:26:3e:a3:20:42,-84;,00:26:3e:a3:20:4a,-84;,00:26:3e:a3:20:50,-85;,00:26:3e:a3:20:4e,-85;,00:26:3e:a3:20:4c,-85;,00:26:3e:a3:20:52,-85;,00:26:3e:a3:20:44,-80;,00:26:3e:5a:38:c0,-86;,34:31:c4:df:21:46,-93;,,80ec3f676e17debf
1497865123542,24:de:c6:e5:4c:11,-78;,ec:08:6b:8a:c2:69,-65;,c8:51:95:a2:9f:a8,-82;,00:26:3e:a3:20:40,-82;,00:26:3e:a3:20:46,-82;,00:26:3e:a3:20:48,-82;,00:26:3e:a3:20:42,-84;,00:26:3e:a3:20:4a,-84;,00:26:3e:a3:20:50,-85;,00:26:3e:a3:20:4e,-85;,00:26:3e:a3:20:4c,-85;,00:26:3e:a3:20:52,-85;,00:26:3e:a3:20:44,-80;,00:26:3e:5a:38:c0,-86;,34:31:c4:df:21:46,-93;,,80ec3f676e17debf
1497865123838,24:de:c6:e5:4c:11,-78;,ec:08:6b:8a:c2:69,-65;,c8:51:95:a2:9f:a8,-82;,00:26:3e:a3:20:40,-82;,00:26:3e:a3:20:46,-82;,00:26:3e:a3:20:48,-82;,00:26:3e:a3:20:42,-84;,00:26:3e:a3:20:4a,-84;,00:26:3e:a3:20:50,-85;,00:26:3e:a3:20:4e,-85;,00:26:3e:a3:20:4c,-85;,00:26:3e:a3:20:52,-85;,00:26:3e:a3:20:44,-80;,00:26:3e:5a:38:c0,-86;,34:31:c4:df:21:46,-93;,,80ec3f676e17debf
1497865124156,24:de:c6:e5:4c:11,-78;,ec:08:6b:8a:c2:69,-65;,c8:51:95:a2:9f:a8,-82;,00:26:3e:a3:20:40,-82;,00:26:3e:a3:20:46,-82;,00:26:3e:a3:20:48,-82;,00:26:3e:a3:20:42,-84;,00:26:3e:a3:20:4a,-84;,00:26:3e:a3:20:50,-85;,00:26:3e:a3:20:4e,-85;,00:26:3e:a3:20:4c,-85;,00:26:3e:a3:20:52,-85;,00:26:3e:a3:20:44,-80;,00:26:3e:5a:38:c0,-86;,34:31:c4:df:21:46,-93;,,80ec3f676e17debf
1497865124456,24:de:c6:e5:4c:11,-78;,ec:08:6b:8a:c2:69,-65;,c8:51:95:a2:9f:a8,-82;,00:26:3e:a3:20:40,-82;,00:26:3e:a3:20:46,-82;,00:26:3e:a3:20:48,-82;,00:26:3e:a3:20:42,-84;,00:26:3e:a3:20:4a,-84;,00:26:3e:a3:20:50,-85;,00:26:3e:a3:20:4e,-85;,00:26:3e:a3:20:4c,-85;,00:26:3e:a3:20:52,-85;,00:26:3e:a3:20:44,-80;,00:26:3e:5a:38:c0,-86;,34:31:c4:df:21:46,-93;,,80ec3f676e17debf
1497865124793,24:de:c6:e5:4c:11,-78;,ec:08:6b:8a:c2:69,-70;,00:26:3e:5a:38:c0,-91;,34:31:c4:df:21:46,-89;,24:de:c6:e5:4c:04,-87;,,80ec3f676e17debf
1497865125054,24:de:c6:e5:4c:11,-78;,ec:08:6b:8a:c2:69,-70;,00:26:3e:5a:38:c0,-91;,34:31:c4:df:21:46,-89;,24:de:c6:e5:4c:04,-87;,,80ec3f676e17debf
1497865125345,24:de:c6:e5:4c:11,-78;,ec:08:6b:8a:c2:69,-70;,00:26:3e:5a:38:c0,-91;,34:31:c4:df:21:46,-89;,24:de:c6:e5:4c:04,-87;,,80ec3f676e17debf
1497865125656,24:de:c6:e5:4c:11,-78;,ec:08:6b:8a:c2:69,-70;,00:26:3e:5a:38:c0,-91;,34:31:c4:df:21:46,-89;,24:de:c6:e5:4c:04,-87;,,80ec3f676e17debf
1497865125953,24:de:c6:e5:4c:11,-78;,ec:08:6b:8a:c2:69,-70;,00:26:3e:5a:38:c0,-91;,34:31:c4:df:21:46,-89;,24:de:c6:e5:4c:04,-87;,,80ec3f676e17debf
1497865126246,24:de:c6:e5:4c:11,-78;,ec:08:6b:8a:c2:69,-70;,00:26:3e:5a:38:c0,-91;,34:31:c4:df:21:46,-89;,24:de:c6:e5:4c:04,-87;,,80ec3f676e17debf
1497865126547,24:de:c6:e5:4c:11,-78;,ec:08:6b:8a:c2:69,-70;,00:26:3e:5a:38:c0,-91;,34:31:c4:df:21:46,-89;,24:de:c6:e5:4c:04,-87;,,80ec3f676e17debf
1497865126850,24:de:c6:e5:4c:11,-78;,ec:08:6b:8a:c2:69,-70;,00:26:3e:5a:38:c0,-91;,34:31:c4:df:21:46,-89;,24:de:c6:e5:4c:04,-87;,,80ec3f676e17debf
1497865127146,24:de:c6:e5:4c:11,-78;,ec:08:6b:8a:c2:69,-70;,00:26:3e:5a:38:c0,-91;,34:31:c4:df:21:46,-89;,24:de:c6:e5:4c:04,-87;,,80ec3f676e17debf
1497865127458,24:de:c6:e5:4c:11,-78;,ec:08:6b:8a:c2:69,-70;,00:26:3e:5a:38:c0,-91;,34:31:c4:df:21:46,-89;,24:de:c6:e5:4c:04,-87;,,80ec3f676e17debf
1497865127768,24:de:c6:e5:4c:11,-78;,ec:08:6b:8a:c2:69,-70;,00:26:3e:5a:38:c0,-91;,34:31:c4:df:21:46,-89;,24:de:c6:e5:4c:04,-87;,,80ec3f676e17debf
1497865128051,24:de:c6:e5:4c:11,-78;,ec:08:6b:8a:c2:69,-70;,00:26:3e:5a:38:c0,-91;,34:31:c4:df:21:46,-89;,24:de:c6:e5:4c:04,-87;,,80ec3f676e17debf
1497865128361,24:de:c6:e5:4c:11,-78;,ec:08:6b:8a:c2:69,-70;,00:26:3e:5a:38:c0,-91;,34:31:c4:df:21:46,-89;,24:de:c6:e5:4c:04,-87;,,80ec3f676e17debf
1497865128654,24:de:c6:e5:4c:11,-78;,ec:08:6b:8a:c2:69,-70;,00:26:3e:5a:38:c0,-91;,34:31:c4:df:21:46,-89;,24:de:c6:e5:4c:04,-87;,,80ec3f676e17debf
1497865128949,24:de:c6:e5:4c:11,-78;,ec:08:6b:8a:c2:69,-70;,00:26:3e:5a:38:c0,-91;,34:31:c4:df:21:46,-89;,24:de:c6:e5:4c:04,-87;,,80ec3f676e17debf
1497865129248,24:de:c6:e5:4c:11,-78;,ec:08:6b:8a:c2:69,-70;,00:26:3e:5a:38:c0,-91;,34:31:c4:df:21:46,-89;,24:de:c6:e5:4c:04,-87;,,80ec3f676e17debf
1497865129542,24:de:c6:e5:4c:11,-78;,ec:08:6b:8a:c2:69,-70;,00:26:3e:5a:38:c0,-91;,34:31:c4:df:21:46,-89;,24:de:c6:e5:4c:04,-87;,,80ec3f676e17debf
1497865129847,24:de:c6:e5:4c:11,-78;,ec:08:6b:8a:c2:69,-70;,00:26:3e:5a:38:c0,-91;,34:31:c4:df:21:46,-89;,24:de:c6:e5:4c:04,-87;,,80ec3f676e17debf
1497865130155,24:de:c6:e5:4c:11,-78;,ec:08:6b:8a:c2:69,-70;,00:26:3e:5a:38:c0,-91;,34:31:c4:df:21:46,-89;,24:de:c6:e5:4c:04,-87;,,80ec3f676e17debf
1497865130443,24:de:c6:e5:4c:11,-78;,ec:08:6b:8a:c2:69,-70;,00:26:3e:5a:38:c0,-91;,34:31:c4:df:21:46,-89;,24:de:c6:e5:4c:04,-87;,,80ec3f676e17debf
1497865130777,24:de:c6:e5:4c:11,-78;,ec:08:6b:8a:c2:69,-70;,00:26:3e:5a:38:c0,-91;,34:31:c4:df:21:46,-89;,24:de:c6:e5:4c:04,-87;,,80ec3f676e17debf
1497865131050,24:de:c6:e5:4c:11,-78;,ec:08:6b:8a:c2:69,-70;,00:26:3e:5a:38:c0,-91;,34:31:c4:df:21:46,-89;,24:de:c6:e5:4c:04,-87;,,80ec3f676e17debf
1497865131364,24:de:c6:e5:4c:11,-78;,ec:08:6b:8a:c2:69,-70;,00:26:3e:5a:38:c0,-91;,34:31:c4:df:21:46,-89;,24:de:c6:e5:4c:04,-87;,,80ec3f676e17debf
1497865131647,24:de:c6:e5:4c:11,-78;,ec:08:6b:8a:c2:69,-70;,00:26:3e:5a:38:c0,-91;,34:31:c4:df:21:46,-89;,24:de:c6:e5:4c:04,-87;,,80ec3f676e17debf
1497865131951,24:de:c6:e5:4c:11,-78;,ec:08:6b:8a:c2:69,-70;,00:26:3e:5a:38:c0,-91;,34:31:c4:df:21:46,-89;,24:de:c6:e5:4c:04,-87;,,80ec3f676e17debf
1497865132248,24:de:c6:e5:4c:11,-78;,ec:08:6b:8a:c2:69,-70;,00:26:3e:5a:38:c0,-91;,34:31:c4:df:21:46,-89;,24:de:c6:e5:4c:04,-87;,,80ec3f676e17debf
1497865132551,24:de:c6:e5:4c:11,-78;,ec:08:6b:8a:c2:69,-70;,00:26:3e:5a:38:c0,-91;,34:31:c4:df:21:46,-89;,24:de:c6:e5:4c:04,-87;,,80ec3f676e17debf
1497865132846,24:de:c6:e5:4c:11,-78;,ec:08:6b:8a:c2:69,-70;,00:26:3e:5a:38:c0,-91;,34:31:c4:df:21:46,-89;,24:de:c6:e5:4c:04,-87;,,80ec3f676e17debf
1497865133140,24:de:c6:e5:4c:11,-78;,ec:08:6b:8a:c2:69,-70;,00:26:3e:5a:38:c0,-91;,34:31:c4:df:21:46,-89;,24:de:c6:e5:4c:04,-87;,,80ec3f676e17debf
1497865133443,24:de:c6:e5:4c:11,-78;,ec:08:6b:8a:c2:69,-70;,00:26:3e:5a:38:c0,-91;,34:31:c4:df:21:46,-89;,24:de:c6:e5:4c:04,-87;,,80ec3f676e17debf
1497865133778,24:de:c6:e5:4c:11,-78;,ec:08:6b:8a:c2:69,-70;,00:26:3e:5a:38:c0,-91;,34:31:c4:df:21:46,-89;,24:de:c6:e5:4c:04,-87;,,80ec3f676e17debf
1497865134046,24:de:c6:e5:4c:11,-78;,ec:08:6b:8a:c2:69,-70;,00:26:3e:5a:38:c0,-91;,34:31:c4:df:21:46,-89;,24:de:c6:e5:4c:04,-87;,,80ec3f676e17debf
1497865134354,24:de:c6:e5:4c:11,-78;,ec:08:6b:8a:c2:69,-70;,00:26:3e:5a:38:c0,-91;,34:31:c4:df:21:46,-89;,24:de:c6:e5:4c:04,-87;,,80ec3f676e17debf
1497865134654,24:de:c6:e5:4c:11,-78;,ec:08:6b:8a:c2:69,-70;,00:26:3e:5a:38:c0,-91;,34:31:c4:df:21:46,-89;,24:de:c6:e5:4c:04,-87;,,80ec3f676e17debf
1497865134949,24:de:c6:e5:4c:11,-78;,ec:08:6b:8a:c2:69,-70;,00:26:3e:5a:38:c0,-91;,34:31:c4:df:21:46,-89;,24:de:c6:e5:4c:04,-87;,,80ec3f676e17debf
1497865135246,24:de:c6:e5:4c:11,-78;,ec:08:6b:8a:c2:69,-70;,00:26:3e:5a:38:c0,-91;,34:31:c4:df:21:46,-89;,24:de:c6:e5:4c:04,-87;,,80ec3f676e17debf
1497865135546,24:de:c6:e5:4c:11,-78;,ec:08:6b:8a:c2:69,-70;,00:26:3e:5a:38:c0,-91;,34:31:c4:df:21:46,-89;,24:de:c6:e5:4c:04,-87;,,80ec3f676e17debf
1497865135863,24:de:c6:e5:4c:11,-78;,ec:08:6b:8a:c2:69,-70;,00:26:3e:5a:38:c0,-91;,34:31:c4:df:21:46,-89;,24:de:c6:e5:4c:04,-87;,,80ec3f676e17debf
1497865136145,24:de:c6:e5:4c:11,-78;,ec:08:6b:8a:c2:69,-70;,00:26:3e:5a:38:c0,-91;,34:31:c4:df:21:46,-89;,24:de:c6:e5:4c:04,-87;,,80ec3f676e17debf
1497865136451,24:de:c6:e5:4c:11,-78;,ec:08:6b:8a:c2:69,-70;,00:26:3e:5a:38:c0,-91;,34:31:c4:df:21:46,-89;,24:de:c6:e5:4c:04,-87;,,80ec3f676e17debf
1497865136780,24:de:c6:e5:4c:11,-78;,ec:08:6b:8a:c2:69,-70;,00:26:3e:5a:38:c0,-91;,34:31:c4:df:21:46,-89;,24:de:c6:e5:4c:04,-87;,,80ec3f676e17debf
1497865137051,24:de:c6:e5:4c:11,-78;,ec:08:6b:8a:c2:69,-70;,00:26:3e:5a:38:c0,-91;,34:31:c4:df:21:46,-89;,24:de:c6:e5:4c:04,-87;,,80ec3f676e17debf
1497865137354,24:de:c6:e5:4c:11,-78;,ec:08:6b:8a:c2:69,-70;,00:26:3e:5a:38:c0,-91;,34:31:c4:df:21:46,-89;,24:de:c6:e5:4c:04,-87;,,80ec3f676e17debf
1497865137642,24:de:c6:e5:4c:11,-78;,ec:08:6b:8a:c2:69,-70;,00:26:3e:5a:38:c0,-91;,34:31:c4:df:21:46,-89;,24:de:c6:e5:4c:04,-87;,,80ec3f676e17debf
1497865137935,24:de:c6:e5:4c:11,-78;,ec:08:6b:8a:c2:69,-70;,00:26:3e:5a:38:c0,-91;,34:31:c4:df:21:46,-89;,24:de:c6:e5:4c:04,-87;,,80ec3f676e17debf
1497865138248,24:de:c6:e5:4c:11,-78;,ec:08:6b:8a:c2:69,-70;,00:26:3e:5a:38:c0,-91;,34:31:c4:df:21:46,-89;,24:de:c6:e5:4c:04,-87;,,80ec3f676e17debf
1497865138546,24:de:c6:e5:4c:11,-78;,ec:08:6b:8a:c2:69,-70;,00:26:3e:5a:38:c0,-91;,34:31:c4:df:21:46,-89;,24:de:c6:e5:4c:04,-87;,,80ec3f676e17debf
1497865138841,24:de:c6:e5:4c:11,-78;,ec:08:6b:8a:c2:69,-70;,00:26:3e:5a:38:c0,-91;,34:31:c4:df:21:46,-89;,24:de:c6:e5:4c:04,-87;,,80ec3f676e17debf
1497865139148,24:de:c6:e5:4c:11,-78;,ec:08:6b:8a:c2:69,-70;,00:26:3e:5a:38:c0,-91;,34:31:c4:df:21:46,-89;,24:de:c6:e5:4c:04,-87;,,80ec3f676e17debf
1497865139443,24:de:c6:e5:4c:11,-78;,ec:08:6b:8a:c2:69,-70;,00:26:3e:5a:38:c0,-91;,34:31:c4:df:21:46,-89;,24:de:c6:e5:4c:04,-87;,,80ec3f676e17debf
1497865139745,24:de:c6:e5:4c:11,-78;,ec:08:6b:8a:c2:69,-70;,00:26:3e:5a:38:c0,-91;,34:31:c4:df:21:46,-89;,24:de:c6:e5:4c:04,-87;,,80ec3f676e17debf
1497865140084,24:de:c6:e5:4c:11,-78;,ec:08:6b:8a:c2:69,-70;,00:26:3e:5a:38:c0,-91;,34:31:c4:df:21:46,-89;,24:de:c6:e5:4c:04,-87;,,80ec3f676e17debf
1497865140343,24:de:c6:e5:4c:11,-78;,ec:08:6b:8a:c2:69,-70;,00:26:3e:5a:38:c0,-91;,34:31:c4:df:21:46,-89;,24:de:c6:e5:4c:04,-87;,,80ec3f676e17debf
1497865140660,24:de:c6:e5:4c:11,-78;,ec:08:6b:8a:c2:69,-70;,00:26:3e:5a:38:c0,-91;,34:31:c4:df:21:46,-89;,24:de:c6:e5:4c:04,-87;,,80ec3f676e17debf
1497865140953,24:de:c6:e5:4c:11,-78;,ec:08:6b:8a:c2:69,-70;,00:26:3e:5a:38:c0,-91;,34:31:c4:df:21:46,-89;,24:de:c6:e5:4c:04,-87;,,80ec3f676e17debf
1497865141250,24:de:c6:e5:4c:11,-78;,ec:08:6b:8a:c2:69,-70;,00:26:3e:5a:38:c0,-91;,34:31:c4:df:21:46,-89;,24:de:c6:e5:4c:04,-87;,,80ec3f676e17debf
1497865141548,24:de:c6:e5:4c:11,-78;,ec:08:6b:8a:c2:69,-70;,00:26:3e:5a:38:c0,-91;,34:31:c4:df:21:46,-89;,24:de:c6:e5:4c:04,-87;,,80ec3f676e17debf
1497865141856,24:de:c6:e5:4c:11,-78;,ec:08:6b:8a:c2:69,-70;,00:26:3e:5a:38:c0,-91;,34:31:c4:df:21:46,-89;,24:de:c6:e5:4c:04,-87;,,80ec3f676e17debf
1497865142146,24:de:c6:e5:4c:11,-78;,ec:08:6b:8a:c2:69,-70;,00:26:3e:5a:38:c0,-91;,34:31:c4:df:21:46,-89;,24:de:c6:e5:4c:04,-87;,,80ec3f676e17debf
1497865142455,24:de:c6:e5:4c:11,-78;,ec:08:6b:8a:c2:69,-70;,00:26:3e:5a:38:c0,-91;,34:31:c4:df:21:46,-89;,24:de:c6:e5:4c:04,-87;,,80ec3f676e17debf
1497865142756,24:de:c6:e5:4c:11,-78;,ec:08:6b:8a:c2:69,-70;,00:26:3e:5a:38:c0,-91;,34:31:c4:df:21:46,-89;,24:de:c6:e5:4c:04,-87;,,80ec3f676e17debf
1497865143045,24:de:c6:e5:4c:11,-78;,ec:08:6b:8a:c2:69,-70;,00:26:3e:5a:38:c0,-91;,34:31:c4:df:21:46,-89;,24:de:c6:e5:4c:04,-87;,,80ec3f676e17debf
1497865143345,24:de:c6:e5:4c:11,-78;,ec:08:6b:8a:c2:69,-70;,00:26:3e:5a:38:c0,-91;,34:31:c4:df:21:46,-89;,24:de:c6:e5:4c:04,-87;,,80ec3f676e17debf
1497865143645,24:de:c6:e5:4c:11,-78;,ec:08:6b:8a:c2:69,-70;,00:26:3e:5a:38:c0,-91;,34:31:c4:df:21:46,-89;,24:de:c6:e5:4c:04,-87;,,80ec3f676e17debf
1497865143947,24:de:c6:e5:4c:11,-78;,ec:08:6b:8a:c2:69,-70;,00:26:3e:5a:38:c0,-91;,34:31:c4:df:21:46,-89;,24:de:c6:e5:4c:04,-87;,,80ec3f676e17debf
1497865144252,24:de:c6:e5:4c:11,-78;,ec:08:6b:8a:c2:69,-70;,00:26:3e:5a:38:c0,-91;,34:31:c4:df:21:46,-89;,24:de:c6:e5:4c:04,-87;,,80ec3f676e17debf
1497865144552,24:de:c6:e5:4c:11,-78;,ec:08:6b:8a:c2:69,-70;,00:26:3e:5a:38:c0,-91;,34:31:c4:df:21:46,-89;,24:de:c6:e5:4c:04,-87;,,80ec3f676e17debf
1497865144842,24:de:c6:e5:4c:11,-78;,ec:08:6b:8a:c2:69,-70;,00:26:3e:5a:38:c0,-91;,34:31:c4:df:21:46,-89;,24:de:c6:e5:4c:04,-87;,,80ec3f676e17debf
1497865145469,24:de:c6:e5:4c:11,-78;,ec:08:6b:8a:c2:69,-70;,00:26:3e:5a:38:c0,-91;,34:31:c4:df:21:46,-89;,24:de:c6:e5:4c:04,-87;,,80ec3f676e17debf
1497865145751,24:de:c6:e5:4c:11,-78;,ec:08:6b:8a:c2:69,-70;,00:26:3e:5a:38:c0,-91;,34:31:c4:df:21:46,-89;,24:de:c6:e5:4c:04,-87;,,80ec3f676e17debf
1497865146051,24:de:c6:e5:4c:11,-78;,ec:08:6b:8a:c2:69,-70;,00:26:3e:5a:38:c0,-91;,34:31:c4:df:21:46,-89;,24:de:c6:e5:4c:04,-87;,,80ec3f676e17debf
1497865146352,24:de:c6:e5:4c:11,-78;,ec:08:6b:8a:c2:69,-70;,00:26:3e:5a:38:c0,-91;,34:31:c4:df:21:46,-89;,24:de:c6:e5:4c:04,-87;,,80ec3f676e17debf
1497865146648,24:de:c6:e5:4c:11,-78;,ec:08:6b:8a:c2:69,-70;,00:26:3e:5a:38:c0,-91;,34:31:c4:df:21:46,-89;,24:de:c6:e5:4c:04,-87;,,80ec3f676e17debf
1497865146947,24:de:c6:e5:4c:11,-78;,ec:08:6b:8a:c2:69,-70;,00:26:3e:5a:38:c0,-91;,34:31:c4:df:21:46,-89;,24:de:c6:e5:4c:04,-87;,,80ec3f676e17debf
1497865147244,24:de:c6:e5:4c:11,-78;,ec:08:6b:8a:c2:69,-70;,00:26:3e:5a:38:c0,-91;,34:31:c4:df:21:46,-89;,24:de:c6:e5:4c:04,-87;,,80ec3f676e17debf
1497865147547,24:de:c6:e5:4c:11,-78;,ec:08:6b:8a:c2:69,-70;,00:26:3e:5a:38:c0,-91;,34:31:c4:df:21:46,-89;,24:de:c6:e5:4c:04,-87;,,80ec3f676e17debf
1497865147865,24:de:c6:e5:4c:11,-78;,ec:08:6b:8a:c2:69,-70;,00:26:3e:5a:38:c0,-91;,34:31:c4:df:21:46,-89;,24:de:c6:e5:4c:04,-87;,,80ec3f676e17debf
1497865148147,24:de:c6:e5:4c:11,-78;,ec:08:6b:8a:c2:69,-70;,00:26:3e:5a:38:c0,-91;,34:31:c4:df:21:46,-89;,24:de:c6:e5:4c:04,-87;,,80ec3f676e17debf
1497865148449,24:de:c6:e5:4c:11,-78;,ec:08:6b:8a:c2:69,-70;,00:26:3e:5a:38:c0,-91;,34:31:c4:df:21:46,-89;,24:de:c6:e5:4c:04,-87;,,80ec3f676e17debf
1497865148751,24:de:c6:e5:4c:11,-78;,ec:08:6b:8a:c2:69,-70;,00:26:3e:5a:38:c0,-91;,34:31:c4:df:21:46,-89;,24:de:c6:e5:4c:04,-87;,,80ec3f676e17debf
1497865149186,24:de:c6:e5:4c:11,-78;,ec:08:6b:8a:c2:69,-70;,00:26:3e:5a:38:c0,-91;,34:31:c4:df:21:46,-89;,24:de:c6:e5:4c:04,-87;,,80ec3f676e17debf
1497865149340,24:de:c6:e5:4c:11,-78;,ec:08:6b:8a:c2:69,-70;,00:26:3e:5a:38:c0,-91;,34:31:c4:df:21:46,-89;,24:de:c6:e5:4c:04,-87;,,80ec3f676e17debf
1497865149632,24:de:c6:e5:4c:11,-78;,ec:08:6b:8a:c2:69,-70;,00:26:3e:5a:38:c0,-91;,34:31:c4:df:21:46,-89;,24:de:c6:e5:4c:04,-87;,,80ec3f676e17debf
1497865149942,24:de:c6:e5:4c:11,-78;,ec:08:6b:8a:c2:69,-70;,00:26:3e:5a:38:c0,-91;,34:31:c4:df:21:46,-89;,24:de:c6:e5:4c:04,-87;,,80ec3f676e17debf
1497865150656,24:de:c6:e5:4c:11,-78;,ec:08:6b:8a:c2:69,-70;,00:26:3e:5a:38:c0,-91;,34:31:c4:df:21:46,-89;,24:de:c6:e5:4c:04,-87;,,80ec3f676e17debf
1497865150855,24:de:c6:e5:4c:11,-78;,ec:08:6b:8a:c2:69,-70;,00:26:3e:5a:38:c0,-91;,34:31:c4:df:21:46,-89;,24:de:c6:e5:4c:04,-87;,,80ec3f676e17debf
1497865151143,24:de:c6:e5:4c:11,-78;,ec:08:6b:8a:c2:69,-70;,00:26:3e:5a:38:c0,-91;,34:31:c4:df:21:46,-89;,24:de:c6:e5:4c:04,-87;,,80ec3f676e17debf
1497865151441,24:de:c6:e5:4c:11,-78;,ec:08:6b:8a:c2:69,-70;,00:26:3e:5a:38:c0,-91;,34:31:c4:df:21:46,-89;,24:de:c6:e5:4c:04,-87;,,80ec3f676e17debf
1497865151757,24:de:c6:e5:4c:11,-78;,ec:08:6b:8a:c2:69,-70;,00:26:3e:5a:38:c0,-91;,34:31:c4:df:21:46,-89;,24:de:c6:e5:4c:04,-87;,,80ec3f676e17debf
1497865152032,24:de:c6:e5:4c:11,-78;,ec:08:6b:8a:c2:69,-70;,00:26:3e:5a:38:c0,-91;,34:31:c4:df:21:46,-89;,24:de:c6:e5:4c:04,-87;,,80ec3f676e17debf
1497865152353,24:de:c6:e5:4c:11,-78;,ec:08:6b:8a:c2:69,-70;,00:26:3e:5a:38:c0,-91;,34:31:c4:df:21:46,-89;,24:de:c6:e5:4c:04,-87;,,80ec3f676e17debf
1497865152649,24:de:c6:e5:4c:11,-78;,ec:08:6b:8a:c2:69,-70;,00:26:3e:5a:38:c0,-91;,34:31:c4:df:21:46,-89;,24:de:c6:e5:4c:04,-87;,,80ec3f676e17debf
1497865152950,24:de:c6:e5:4c:11,-78;,ec:08:6b:8a:c2:69,-70;,00:26:3e:5a:38:c0,-91;,34:31:c4:df:21:46,-89;,24:de:c6:e5:4c:04,-87;,,80ec3f676e17debf
1497865153247,24:de:c6:e5:4c:11,-78;,ec:08:6b:8a:c2:69,-70;,00:26:3e:5a:38:c0,-91;,34:31:c4:df:21:46,-89;,24:de:c6:e5:4c:04,-87;,,80ec3f676e17debf
1497865153550,24:de:c6:e5:4c:11,-78;,ec:08:6b:8a:c2:69,-70;,00:26:3e:5a:38:c0,-91;,34:31:c4:df:21:46,-89;,24:de:c6:e5:4c:04,-87;,,80ec3f676e17debf
1497865153845,24:de:c6:e5:4c:11,-78;,ec:08:6b:8a:c2:69,-70;,00:26:3e:5a:38:c0,-91;,34:31:c4:df:21:46,-89;,24:de:c6:e5:4c:04,-87;,,80ec3f676e17debf
1497865154679,24:de:c6:e5:4c:11,-78;,24:de:c6:e5:4b:e3,-79;,24:de:c6:e5:4b:e0,-80;,24:de:c6:e5:4b:e1,-80;,24:de:c6:e5:4b:e2,-80;,24:de:c6:e5:4b:e4,-80;,,80ec3f676e17debf
1497865154755,24:de:c6:e5:4c:11,-78;,24:de:c6:e5:4b:e3,-79;,24:de:c6:e5:4b:e0,-80;,24:de:c6:e5:4b:e1,-80;,24:de:c6:e5:4b:e2,-80;,24:de:c6:e5:4b:e4,-80;,,80ec3f676e17debf
1497865155045,24:de:c6:e5:4c:11,-78;,24:de:c6:e5:4b:e3,-79;,24:de:c6:e5:4b:e0,-80;,24:de:c6:e5:4b:e1,-80;,24:de:c6:e5:4b:e2,-80;,24:de:c6:e5:4b:e4,-80;,,80ec3f676e17debf
1497865155340,24:de:c6:e5:4c:11,-78;,24:de:c6:e5:4b:e3,-79;,24:de:c6:e5:4b:e0,-80;,24:de:c6:e5:4b:e1,-80;,24:de:c6:e5:4b:e2,-80;,24:de:c6:e5:4b:e4,-80;,,80ec3f676e17debf
1497865155637,24:de:c6:e5:4c:11,-78;,24:de:c6:e5:4b:e3,-79;,24:de:c6:e5:4b:e0,-80;,24:de:c6:e5:4b:e1,-80;,24:de:c6:e5:4b:e2,-80;,24:de:c6:e5:4b:e4,-80;,,80ec3f676e17debf
1497865155948,24:de:c6:e5:4c:11,-78;,24:de:c6:e5:4b:e3,-79;,24:de:c6:e5:4b:e0,-80;,24:de:c6:e5:4b:e1,-80;,24:de:c6:e5:4b:e2,-80;,24:de:c6:e5:4b:e4,-80;,,80ec3f676e17debf
1497865156245,24:de:c6:e5:4c:11,-78;,24:de:c6:e5:4b:e3,-79;,24:de:c6:e5:4b:e0,-80;,24:de:c6:e5:4b:e1,-80;,24:de:c6:e5:4b:e2,-80;,24:de:c6:e5:4b:e4,-80;,,80ec3f676e17debf
1497865156546,24:de:c6:e5:4c:11,-78;,24:de:c6:e5:4b:e3,-79;,24:de:c6:e5:4b:e0,-80;,24:de:c6:e5:4b:e1,-80;,24:de:c6:e5:4b:e2,-80;,24:de:c6:e5:4b:e4,-80;,,80ec3f676e17debf
1497865156855,24:de:c6:e5:4c:11,-78;,24:de:c6:e5:4b:e3,-79;,24:de:c6:e5:4b:e0,-80;,24:de:c6:e5:4b:e1,-80;,24:de:c6:e5:4b:e2,-80;,24:de:c6:e5:4b:e4,-80;,,80ec3f676e17debf
1497865157153,24:de:c6:e5:4c:11,-78;,24:de:c6:e5:4b:e3,-79;,24:de:c6:e5:4b:e0,-80;,24:de:c6:e5:4b:e1,-80;,24:de:c6:e5:4b:e2,-80;,24:de:c6:e5:4b:e4,-80;,,80ec3f676e17debf
1497865157444,24:de:c6:e5:4c:11,-78;,24:de:c6:e5:4b:e3,-79;,24:de:c6:e5:4b:e0,-80;,24:de:c6:e5:4b:e1,-80;,24:de:c6:e5:4b:e2,-80;,24:de:c6:e5:4b:e4,-80;,,80ec3f676e17debf
1497865157752,24:de:c6:e5:4c:11,-78;,24:de:c6:e5:4b:e3,-79;,24:de:c6:e5:4b:e0,-80;,24:de:c6:e5:4b:e1,-80;,24:de:c6:e5:4b:e2,-80;,24:de:c6:e5:4b:e4,-80;,,80ec3f676e17debf
1497865158084,24:de:c6:e5:4c:11,-78;,24:de:c6:e5:4b:e3,-79;,24:de:c6:e5:4b:e0,-80;,24:de:c6:e5:4b:e1,-80;,24:de:c6:e5:4b:e2,-80;,24:de:c6:e5:4b:e4,-80;,,80ec3f676e17debf
1497865158333,24:de:c6:e5:4c:11,-78;,24:de:c6:e5:4b:e3,-79;,24:de:c6:e5:4b:e0,-80;,24:de:c6:e5:4b:e1,-80;,24:de:c6:e5:4b:e2,-80;,24:de:c6:e5:4b:e4,-80;,,80ec3f676e17debf
1497865158646,24:de:c6:e5:4c:11,-78;,24:de:c6:e5:4b:e3,-79;,24:de:c6:e5:4b:e0,-80;,24:de:c6:e5:4b:e1,-80;,24:de:c6:e5:4b:e2,-80;,24:de:c6:e5:4b:e4,-80;,,80ec3f676e17debf
1497865158987,24:de:c6:e5:4c:11,-78;,24:de:c6:e5:4b:e3,-80;,24:de:c6:e5:4b:e0,-79;,24:de:c6:e5:4b:e1,-80;,24:de:c6:e5:4b:e2,-80;,24:de:c6:e5:4b:e4,-80;,24:de:c6:e5:4c:01,-71;,24:de:c6:e5:4c:00,-71;,24:de:c6:e5:4c:03,-71;,24:de:c6:e5:4c:04,-71;,24:de:c6:e5:4c:02,-71;,,80ec3f676e17debf
1497865159785,24:de:c6:e5:4c:11,-78;,24:de:c6:e5:4b:e3,-80;,24:de:c6:e5:4b:e0,-79;,24:de:c6:e5:4b:e1,-80;,24:de:c6:e5:4b:e2,-80;,24:de:c6:e5:4b:e4,-80;,24:de:c6:e5:4c:01,-71;,24:de:c6:e5:4c:00,-71;,24:de:c6:e5:4c:03,-71;,24:de:c6:e5:4c:04,-71;,24:de:c6:e5:4c:02,-71;,,80ec3f676e17debf
1497865159869,24:de:c6:e5:4c:11,-78;,24:de:c6:e5:4b:e3,-80;,24:de:c6:e5:4b:e0,-79;,24:de:c6:e5:4b:e1,-80;,24:de:c6:e5:4b:e2,-80;,24:de:c6:e5:4b:e4,-80;,24:de:c6:e5:4c:01,-71;,24:de:c6:e5:4c:00,-71;,24:de:c6:e5:4c:03,-71;,24:de:c6:e5:4c:04,-71;,24:de:c6:e5:4c:02,-71;,,80ec3f676e17debf
1497865160142,24:de:c6:e5:4c:11,-78;,24:de:c6:e5:4b:e3,-80;,24:de:c6:e5:4b:e0,-79;,24:de:c6:e5:4b:e1,-80;,24:de:c6:e5:4b:e2,-80;,24:de:c6:e5:4b:e4,-80;,24:de:c6:e5:4c:01,-71;,24:de:c6:e5:4c:00,-71;,24:de:c6:e5:4c:03,-71;,24:de:c6:e5:4c:04,-71;,24:de:c6:e5:4c:02,-71;,,80ec3f676e17debf
1497865160451,24:de:c6:e5:4c:11,-78;,24:de:c6:e5:4b:e3,-80;,24:de:c6:e5:4b:e0,-79;,24:de:c6:e5:4b:e1,-80;,24:de:c6:e5:4b:e2,-80;,24:de:c6:e5:4b:e4,-80;,24:de:c6:e5:4c:01,-71;,24:de:c6:e5:4c:00,-71;,24:de:c6:e5:4c:03,-71;,24:de:c6:e5:4c:04,-71;,24:de:c6:e5:4c:02,-71;,,80ec3f676e17debf
1497865160746,24:de:c6:e5:4c:11,-78;,24:de:c6:e5:4b:e3,-80;,24:de:c6:e5:4b:e0,-79;,24:de:c6:e5:4b:e1,-80;,24:de:c6:e5:4b:e2,-80;,24:de:c6:e5:4b:e4,-80;,24:de:c6:e5:4c:01,-71;,24:de:c6:e5:4c:00,-71;,24:de:c6:e5:4c:03,-71;,24:de:c6:e5:4c:04,-71;,24:de:c6:e5:4c:02,-71;,,80ec3f676e17debf
1497865161045,24:de:c6:e5:4c:11,-78;,24:de:c6:e5:4b:e3,-80;,24:de:c6:e5:4b:e0,-79;,24:de:c6:e5:4b:e1,-80;,24:de:c6:e5:4b:e2,-80;,24:de:c6:e5:4b:e4,-80;,24:de:c6:e5:4c:01,-71;,24:de:c6:e5:4c:00,-71;,24:de:c6:e5:4c:03,-71;,24:de:c6:e5:4c:04,-71;,24:de:c6:e5:4c:02,-71;,,80ec3f676e17debf
1497865161350,24:de:c6:e5:4c:11,-78;,24:de:c6:e5:4b:e3,-80;,24:de:c6:e5:4b:e0,-79;,24:de:c6:e5:4b:e1,-80;,24:de:c6:e5:4b:e2,-80;,24:de:c6:e5:4b:e4,-80;,24:de:c6:e5:4c:01,-71;,24:de:c6:e5:4c:00,-71;,24:de:c6:e5:4c:03,-71;,24:de:c6:e5:4c:04,-71;,24:de:c6:e5:4c:02,-71;,,80ec3f676e17debf
1497865161647,24:de:c6:e5:4c:11,-78;,24:de:c6:e5:4b:e3,-80;,24:de:c6:e5:4b:e0,-79;,24:de:c6:e5:4b:e1,-80;,24:de:c6:e5:4b:e2,-80;,24:de:c6:e5:4b:e4,-80;,24:de:c6:e5:4c:01,-71;,24:de:c6:e5:4c:00,-71;,24:de:c6:e5:4c:03,-71;,24:de:c6:e5:4c:04,-71;,24:de:c6:e5:4c:02,-71;,,80ec3f676e17debf
1497865161951,24:de:c6:e5:4c:11,-78;,24:de:c6:e5:4b:e3,-80;,24:de:c6:e5:4b:e0,-79;,24:de:c6:e5:4b:e1,-80;,24:de:c6:e5:4b:e2,-80;,24:de:c6:e5:4b:e4,-80;,24:de:c6:e5:4c:01,-71;,24:de:c6:e5:4c:00,-71;,24:de:c6:e5:4c:03,-71;,24:de:c6:e5:4c:04,-71;,24:de:c6:e5:4c:02,-71;,,80ec3f676e17debf
1497865162256,24:de:c6:e5:4c:11,-78;,24:de:c6:e5:4b:e3,-80;,24:de:c6:e5:4b:e0,-79;,24:de:c6:e5:4b:e1,-80;,24:de:c6:e5:4b:e2,-80;,24:de:c6:e5:4b:e4,-80;,24:de:c6:e5:4c:01,-71;,24:de:c6:e5:4c:00,-71;,24:de:c6:e5:4c:03,-71;,24:de:c6:e5:4c:04,-71;,24:de:c6:e5:4c:02,-71;,,80ec3f676e17debf
1497865162544,24:de:c6:e5:4c:11,-78;,24:de:c6:e5:4b:e3,-80;,24:de:c6:e5:4b:e0,-79;,24:de:c6:e5:4b:e1,-80;,24:de:c6:e5:4b:e2,-80;,24:de:c6:e5:4b:e4,-80;,24:de:c6:e5:4c:01,-71;,24:de:c6:e5:4c:00,-71;,24:de:c6:e5:4c:03,-71;,24:de:c6:e5:4c:04,-71;,24:de:c6:e5:4c:02,-71;,,80ec3f676e17debf
1497865162863,24:de:c6:e5:4c:11,-78;,24:de:c6:e5:4b:e3,-80;,24:de:c6:e5:4b:e0,-79;,24:de:c6:e5:4b:e1,-80;,24:de:c6:e5:4b:e2,-80;,24:de:c6:e5:4b:e4,-80;,24:de:c6:e5:4c:01,-71;,24:de:c6:e5:4c:00,-71;,24:de:c6:e5:4c:03,-71;,24:de:c6:e5:4c:04,-71;,24:de:c6:e5:4c:02,-71;,,80ec3f676e17debf
1497865163146,24:de:c6:e5:4c:11,-78;,24:de:c6:e5:4b:e3,-80;,24:de:c6:e5:4b:e0,-79;,24:de:c6:e5:4b:e1,-80;,24:de:c6:e5:4b:e2,-80;,24:de:c6:e5:4b:e4,-80;,24:de:c6:e5:4c:01,-71;,24:de:c6:e5:4c:00,-71;,24:de:c6:e5:4c:03,-71;,24:de:c6:e5:4c:04,-71;,24:de:c6:e5:4c:02,-71;,,80ec3f676e17debf
1497865163443,24:de:c6:e5:4c:11,-78;,24:de:c6:e5:4b:e3,-80;,24:de:c6:e5:4b:e0,-79;,24:de:c6:e5:4b:e1,-80;,24:de:c6:e5:4b:e2,-80;,24:de:c6:e5:4b:e4,-80;,24:de:c6:e5:4c:01,-71;,24:de:c6:e5:4c:00,-71;,24:de:c6:e5:4c:03,-71;,24:de:c6:e5:4c:04,-71;,24:de:c6:e5:4c:02,-71;,,80ec3f676e17debf
1497865163736,24:de:c6:e5:4c:11,-78;,24:de:c6:e5:4b:e3,-80;,24:de:c6:e5:4b:e0,-79;,24:de:c6:e5:4b:e1,-80;,24:de:c6:e5:4b:e2,-80;,24:de:c6:e5:4b:e4,-80;,24:de:c6:e5:4c:01,-71;,24:de:c6:e5:4c:00,-71;,24:de:c6:e5:4c:03,-71;,24:de:c6:e5:4c:04,-71;,24:de:c6:e5:4c:02,-71;,,80ec3f676e17debf
1497865164073,24:de:c6:e5:4c:11,-78;,24:de:c6:e5:4b:e3,-80;,24:de:c6:e5:4b:e0,-80;,24:de:c6:e5:4b:e1,-80;,24:de:c6:e5:4b:e2,-81;,24:de:c6:e5:4b:e4,-80;,24:de:c6:e5:4c:01,-66;,24:de:c6:e5:4c:00,-66;,24:de:c6:e5:4c:03,-66;,24:de:c6:e5:4c:04,-65;,24:de:c6:e5:4c:02,-65;,,80ec3f676e17debf
1497865164350,24:de:c6:e5:4c:11,-78;,24:de:c6:e5:4b:e3,-80;,24:de:c6:e5:4b:e0,-80;,24:de:c6:e5:4b:e1,-80;,24:de:c6:e5:4b:e2,-81;,24:de:c6:e5:4b:e4,-80;,24:de:c6:e5:4c:01,-66;,24:de:c6:e5:4c:00,-66;,24:de:c6:e5:4c:03,-66;,24:de:c6:e5:4c:04,-65;,24:de:c6:e5:4c:02,-65;,,80ec3f676e17debf
1497865164658,24:de:c6:e5:4c:11,-78;,24:de:c6:e5:4b:e3,-80;,24:de:c6:e5:4b:e0,-80;,24:de:c6:e5:4b:e1,-80;,24:de:c6:e5:4b:e2,-81;,24:de:c6:e5:4b:e4,-80;,24:de:c6:e5:4c:01,-66;,24:de:c6:e5:4c:00,-66;,24:de:c6:e5:4c:03,-66;,24:de:c6:e5:4c:04,-65;,24:de:c6:e5:4c:02,-65;,,80ec3f676e17debf
1497865164953,24:de:c6:e5:4c:11,-78;,24:de:c6:e5:4b:e3,-80;,24:de:c6:e5:4b:e0,-80;,24:de:c6:e5:4b:e1,-80;,24:de:c6:e5:4b:e2,-81;,24:de:c6:e5:4b:e4,-80;,24:de:c6:e5:4c:01,-66;,24:de:c6:e5:4c:00,-66;,24:de:c6:e5:4c:03,-66;,24:de:c6:e5:4c:04,-65;,24:de:c6:e5:4c:02,-65;,,80ec3f676e17debf
1497865165250,24:de:c6:e5:4c:11,-78;,24:de:c6:e5:4b:e3,-80;,24:de:c6:e5:4b:e0,-80;,24:de:c6:e5:4b:e1,-80;,24:de:c6:e5:4b:e2,-81;,24:de:c6:e5:4b:e4,-80;,24:de:c6:e5:4c:01,-66;,24:de:c6:e5:4c:00,-66;,24:de:c6:e5:4c:03,-66;,24:de:c6:e5:4c:04,-65;,24:de:c6:e5:4c:02,-65;,,80ec3f676e17debf
1497865165544,24:de:c6:e5:4c:11,-78;,24:de:c6:e5:4b:e3,-80;,24:de:c6:e5:4b:e0,-80;,24:de:c6:e5:4b:e1,-80;,24:de:c6:e5:4b:e2,-81;,24:de:c6:e5:4b:e4,-80;,24:de:c6:e5:4c:01,-66;,24:de:c6:e5:4c:00,-66;,24:de:c6:e5:4c:03,-66;,24:de:c6:e5:4c:04,-65;,24:de:c6:e5:4c:02,-65;,,80ec3f676e17debf
1497865165853,24:de:c6:e5:4c:11,-78;,24:de:c6:e5:4b:e3,-80;,24:de:c6:e5:4b:e0,-80;,24:de:c6:e5:4b:e1,-80;,24:de:c6:e5:4b:e2,-81;,24:de:c6:e5:4b:e4,-80;,24:de:c6:e5:4c:01,-66;,24:de:c6:e5:4c:00,-66;,24:de:c6:e5:4c:03,-66;,24:de:c6:e5:4c:04,-65;,24:de:c6:e5:4c:02,-65;,,80ec3f676e17debf
1497865166143,24:de:c6:e5:4c:11,-78;,24:de:c6:e5:4b:e3,-80;,24:de:c6:e5:4b:e0,-80;,24:de:c6:e5:4b:e1,-80;,24:de:c6:e5:4b:e2,-81;,24:de:c6:e5:4b:e4,-80;,24:de:c6:e5:4c:01,-66;,24:de:c6:e5:4c:00,-66;,24:de:c6:e5:4c:03,-66;,24:de:c6:e5:4c:04,-65;,24:de:c6:e5:4c:02,-65;,,80ec3f676e17debf
1497865166454,24:de:c6:e5:4c:11,-78;,24:de:c6:e5:4b:e3,-80;,24:de:c6:e5:4b:e0,-80;,24:de:c6:e5:4b:e1,-80;,24:de:c6:e5:4b:e2,-81;,24:de:c6:e5:4b:e4,-80;,24:de:c6:e5:4c:01,-66;,24:de:c6:e5:4c:00,-66;,24:de:c6:e5:4c:03,-66;,24:de:c6:e5:4c:04,-65;,24:de:c6:e5:4c:02,-65;,,80ec3f676e17debf
1497865166749,24:de:c6:e5:4c:11,-78;,24:de:c6:e5:4b:e3,-80;,24:de:c6:e5:4b:e0,-80;,24:de:c6:e5:4b:e1,-80;,24:de:c6:e5:4b:e2,-81;,24:de:c6:e5:4b:e4,-80;,24:de:c6:e5:4c:01,-66;,24:de:c6:e5:4c:00,-66;,24:de:c6:e5:4c:03,-66;,24:de:c6:e5:4c:04,-65;,24:de:c6:e5:4c:02,-65;,,80ec3f676e17debf
1497865167051,24:de:c6:e5:4c:11,-78;,24:de:c6:e5:4b:e3,-80;,24:de:c6:e5:4b:e0,-80;,24:de:c6:e5:4b:e1,-80;,24:de:c6:e5:4b:e2,-81;,24:de:c6:e5:4b:e4,-80;,24:de:c6:e5:4c:01,-66;,24:de:c6:e5:4c:00,-66;,24:de:c6:e5:4c:03,-66;,24:de:c6:e5:4c:04,-65;,24:de:c6:e5:4c:02,-65;,,80ec3f676e17debf
1497865167334,24:de:c6:e5:4c:11,-78;,24:de:c6:e5:4b:e3,-80;,24:de:c6:e5:4b:e0,-80;,24:de:c6:e5:4b:e1,-80;,24:de:c6:e5:4b:e2,-81;,24:de:c6:e5:4b:e4,-80;,24:de:c6:e5:4c:01,-66;,24:de:c6:e5:4c:00,-66;,24:de:c6:e5:4c:03,-66;,24:de:c6:e5:4c:04,-65;,24:de:c6:e5:4c:02,-65;,,80ec3f676e17debf
1497865167641,24:de:c6:e5:4c:11,-78;,24:de:c6:e5:4b:e3,-80;,24:de:c6:e5:4b:e0,-80;,24:de:c6:e5:4b:e1,-80;,24:de:c6:e5:4b:e2,-81;,24:de:c6:e5:4b:e4,-80;,24:de:c6:e5:4c:01,-66;,24:de:c6:e5:4c:00,-66;,24:de:c6:e5:4c:03,-66;,24:de:c6:e5:4c:04,-65;,24:de:c6:e5:4c:02,-65;,,80ec3f676e17debf
1497865167947,24:de:c6:e5:4c:11,-78;,24:de:c6:e5:4b:e3,-80;,24:de:c6:e5:4b:e0,-80;,24:de:c6:e5:4b:e1,-80;,24:de:c6:e5:4b:e2,-81;,24:de:c6:e5:4b:e4,-80;,24:de:c6:e5:4c:01,-66;,24:de:c6:e5:4c:00,-66;,24:de:c6:e5:4c:03,-66;,24:de:c6:e5:4c:04,-65;,24:de:c6:e5:4c:02,-65;,,80ec3f676e17debf
1497865168252,24:de:c6:e5:4c:11,-78;,24:de:c6:e5:4b:e3,-80;,24:de:c6:e5:4b:e0,-80;,24:de:c6:e5:4b:e1,-80;,24:de:c6:e5:4b:e2,-81;,24:de:c6:e5:4b:e4,-80;,24:de:c6:e5:4c:01,-66;,24:de:c6:e5:4c:00,-66;,24:de:c6:e5:4c:03,-66;,24:de:c6:e5:4c:04,-65;,24:de:c6:e5:4c:02,-65;,,80ec3f676e17debf
1497865168551,24:de:c6:e5:4c:11,-78;,24:de:c6:e5:4b:e3,-80;,24:de:c6:e5:4b:e0,-80;,24:de:c6:e5:4b:e1,-80;,24:de:c6:e5:4b:e2,-81;,24:de:c6:e5:4b:e4,-80;,24:de:c6:e5:4c:01,-66;,24:de:c6:e5:4c:00,-66;,24:de:c6:e5:4c:03,-66;,24:de:c6:e5:4c:04,-65;,24:de:c6:e5:4c:02,-65;,,80ec3f676e17debf
1497865168855,24:de:c6:e5:4c:11,-78;,24:de:c6:e5:4b:e3,-80;,24:de:c6:e5:4b:e0,-80;,24:de:c6:e5:4b:e1,-80;,24:de:c6:e5:4b:e2,-81;,24:de:c6:e5:4b:e4,-80;,24:de:c6:e5:4c:01,-66;,24:de:c6:e5:4c:00,-66;,24:de:c6:e5:4c:03,-66;,24:de:c6:e5:4c:04,-65;,24:de:c6:e5:4c:02,-65;,,80ec3f676e17debf
1497865169168,24:de:c6:e5:4c:11,-78;,24:de:c6:e5:4b:e3,-75;,24:de:c6:e5:4b:e0,-75;,24:de:c6:e5:4b:e1,-75;,24:de:c6:e5:4b:e2,-75;,24:de:c6:e5:4b:e4,-75;,24:de:c6:e5:4c:01,-68;,24:de:c6:e5:4c:00,-67;,24:de:c6:e5:4c:03,-67;,24:de:c6:e5:4c:04,-68;,24:de:c6:e5:4c:02,-67;,,80ec3f676e17debf
1497865169447,24:de:c6:e5:4c:11,-78;,24:de:c6:e5:4b:e3,-75;,24:de:c6:e5:4b:e0,-75;,24:de:c6:e5:4b:e1,-75;,24:de:c6:e5:4b:e2,-75;,24:de:c6:e5:4b:e4,-75;,24:de:c6:e5:4c:01,-68;,24:de:c6:e5:4c:00,-67;,24:de:c6:e5:4c:03,-67;,24:de:c6:e5:4c:04,-68;,24:de:c6:e5:4c:02,-67;,,80ec3f676e17debf
1497865169760,24:de:c6:e5:4c:11,-78;,24:de:c6:e5:4b:e3,-75;,24:de:c6:e5:4b:e0,-75;,24:de:c6:e5:4b:e1,-75;,24:de:c6:e5:4b:e2,-75;,24:de:c6:e5:4b:e4,-75;,24:de:c6:e5:4c:01,-68;,24:de:c6:e5:4c:00,-67;,24:de:c6:e5:4c:03,-67;,24:de:c6:e5:4c:04,-68;,24:de:c6:e5:4c:02,-67;,,80ec3f676e17debf
1497865170052,24:de:c6:e5:4c:11,-78;,24:de:c6:e5:4b:e3,-75;,24:de:c6:e5:4b:e0,-75;,24:de:c6:e5:4b:e1,-75;,24:de:c6:e5:4b:e2,-75;,24:de:c6:e5:4b:e4,-75;,24:de:c6:e5:4c:01,-68;,24:de:c6:e5:4c:00,-67;,24:de:c6:e5:4c:03,-67;,24:de:c6:e5:4c:04,-68;,24:de:c6:e5:4c:02,-67;,,80ec3f676e17debf
1497865170350,24:de:c6:e5:4c:11,-78;,24:de:c6:e5:4b:e3,-75;,24:de:c6:e5:4b:e0,-75;,24:de:c6:e5:4b:e1,-75;,24:de:c6:e5:4b:e2,-75;,24:de:c6:e5:4b:e4,-75;,24:de:c6:e5:4c:01,-68;,24:de:c6:e5:4c:00,-67;,24:de:c6:e5:4c:03,-67;,24:de:c6:e5:4c:04,-68;,24:de:c6:e5:4c:02,-67;,,80ec3f676e17debf
1497865170645,24:de:c6:e5:4c:11,-78;,24:de:c6:e5:4b:e3,-75;,24:de:c6:e5:4b:e0,-75;,24:de:c6:e5:4b:e1,-75;,24:de:c6:e5:4b:e2,-75;,24:de:c6:e5:4b:e4,-75;,24:de:c6:e5:4c:01,-68;,24:de:c6:e5:4c:00,-67;,24:de:c6:e5:4c:03,-67;,24:de:c6:e5:4c:04,-68;,24:de:c6:e5:4c:02,-67;,,80ec3f676e17debf
1497865170942,24:de:c6:e5:4c:11,-78;,24:de:c6:e5:4b:e3,-75;,24:de:c6:e5:4b:e0,-75;,24:de:c6:e5:4b:e1,-75;,24:de:c6:e5:4b:e2,-75;,24:de:c6:e5:4b:e4,-75;,24:de:c6:e5:4c:01,-68;,24:de:c6:e5:4c:00,-67;,24:de:c6:e5:4c:03,-67;,24:de:c6:e5:4c:04,-68;,24:de:c6:e5:4c:02,-67;,,80ec3f676e17debf
1497865171249,24:de:c6:e5:4c:11,-78;,24:de:c6:e5:4b:e3,-75;,24:de:c6:e5:4b:e0,-75;,24:de:c6:e5:4b:e1,-75;,24:de:c6:e5:4b:e2,-75;,24:de:c6:e5:4b:e4,-75;,24:de:c6:e5:4c:01,-68;,24:de:c6:e5:4c:00,-67;,24:de:c6:e5:4c:03,-67;,24:de:c6:e5:4c:04,-68;,24:de:c6:e5:4c:02,-67;,,80ec3f676e17debf
1497865171547,24:de:c6:e5:4c:11,-78;,24:de:c6:e5:4b:e3,-75;,24:de:c6:e5:4b:e0,-75;,24:de:c6:e5:4b:e1,-75;,24:de:c6:e5:4b:e2,-75;,24:de:c6:e5:4b:e4,-75;,24:de:c6:e5:4c:01,-68;,24:de:c6:e5:4c:00,-67;,24:de:c6:e5:4c:03,-67;,24:de:c6:e5:4c:04,-68;,24:de:c6:e5:4c:02,-67;,,80ec3f676e17debf
1497865171846,24:de:c6:e5:4c:11,-78;,24:de:c6:e5:4b:e3,-75;,24:de:c6:e5:4b:e0,-75;,24:de:c6:e5:4b:e1,-75;,24:de:c6:e5:4b:e2,-75;,24:de:c6:e5:4b:e4,-75;,24:de:c6:e5:4c:01,-68;,24:de:c6:e5:4c:00,-67;,24:de:c6:e5:4c:03,-67;,24:de:c6:e5:4c:04,-68;,24:de:c6:e5:4c:02,-67;,,80ec3f676e17debf
1497865172184,24:de:c6:e5:4c:11,-78;,24:de:c6:e5:4b:e3,-75;,24:de:c6:e5:4b:e0,-75;,24:de:c6:e5:4b:e1,-75;,24:de:c6:e5:4b:e2,-75;,24:de:c6:e5:4b:e4,-75;,24:de:c6:e5:4c:01,-68;,24:de:c6:e5:4c:00,-67;,24:de:c6:e5:4c:03,-67;,24:de:c6:e5:4c:04,-68;,24:de:c6:e5:4c:02,-67;,,80ec3f676e17debf
1497865172468,24:de:c6:e5:4c:11,-78;,24:de:c6:e5:4b:e3,-75;,24:de:c6:e5:4b:e0,-75;,24:de:c6:e5:4b:e1,-75;,24:de:c6:e5:4b:e2,-75;,24:de:c6:e5:4b:e4,-75;,24:de:c6:e5:4c:01,-68;,24:de:c6:e5:4c:00,-67;,24:de:c6:e5:4c:03,-67;,24:de:c6:e5:4c:04,-68;,24:de:c6:e5:4c:02,-67;,,80ec3f676e17debf
1497865172751,24:de:c6:e5:4c:11,-78;,24:de:c6:e5:4b:e3,-75;,24:de:c6:e5:4b:e0,-75;,24:de:c6:e5:4b:e1,-75;,24:de:c6:e5:4b:e2,-75;,24:de:c6:e5:4b:e4,-75;,24:de:c6:e5:4c:01,-68;,24:de:c6:e5:4c:00,-67;,24:de:c6:e5:4c:03,-67;,24:de:c6:e5:4c:04,-68;,24:de:c6:e5:4c:02,-67;,,80ec3f676e17debf
1497865173048,24:de:c6:e5:4c:11,-78;,24:de:c6:e5:4b:e3,-75;,24:de:c6:e5:4b:e0,-75;,24:de:c6:e5:4b:e1,-75;,24:de:c6:e5:4b:e2,-75;,24:de:c6:e5:4b:e4,-75;,24:de:c6:e5:4c:01,-68;,24:de:c6:e5:4c:00,-67;,24:de:c6:e5:4c:03,-67;,24:de:c6:e5:4c:04,-68;,24:de:c6:e5:4c:02,-67;,,80ec3f676e17debf
1497865173348,24:de:c6:e5:4c:11,-78;,24:de:c6:e5:4b:e3,-75;,24:de:c6:e5:4b:e0,-75;,24:de:c6:e5:4b:e1,-75;,24:de:c6:e5:4b:e2,-75;,24:de:c6:e5:4b:e4,-75;,24:de:c6:e5:4c:01,-68;,24:de:c6:e5:4c:00,-67;,24:de:c6:e5:4c:03,-67;,24:de:c6:e5:4c:04,-68;,24:de:c6:e5:4c:02,-67;,,80ec3f676e17debf
1497865173653,24:de:c6:e5:4c:11,-78;,24:de:c6:e5:4b:e3,-75;,24:de:c6:e5:4b:e0,-75;,24:de:c6:e5:4b:e1,-75;,24:de:c6:e5:4b:e2,-75;,24:de:c6:e5:4b:e4,-75;,24:de:c6:e5:4c:01,-68;,24:de:c6:e5:4c:00,-67;,24:de:c6:e5:4c:03,-67;,24:de:c6:e5:4c:04,-68;,24:de:c6:e5:4c:02,-67;,,80ec3f676e17debf
1497865173978,24:de:c6:e5:4c:11,-78;,24:de:c6:e5:4b:e3,-78;,24:de:c6:e5:4b:e0,-78;,24:de:c6:e5:4b:e1,-78;,24:de:c6:e5:4b:e2,-78;,24:de:c6:e5:4b:e4,-78;,24:de:c6:e5:4c:01,-59;,24:de:c6:e5:4c:00,-59;,24:de:c6:e5:4c:03,-59;,24:de:c6:e5:4c:04,-59;,24:de:c6:e5:4c:02,-59;,,80ec3f676e17debf
1497865174259,24:de:c6:e5:4c:11,-78;,24:de:c6:e5:4b:e3,-78;,24:de:c6:e5:4b:e0,-78;,24:de:c6:e5:4b:e1,-78;,24:de:c6:e5:4b:e2,-78;,24:de:c6:e5:4b:e4,-78;,24:de:c6:e5:4c:01,-59;,24:de:c6:e5:4c:00,-59;,24:de:c6:e5:4c:03,-59;,24:de:c6:e5:4c:04,-59;,24:de:c6:e5:4c:02,-59;,,80ec3f676e17debf
1497865175186,24:de:c6:e5:4c:11,-78;,24:de:c6:e5:4b:e3,-78;,24:de:c6:e5:4b:e0,-78;,24:de:c6:e5:4b:e1,-78;,24:de:c6:e5:4b:e2,-78;,24:de:c6:e5:4b:e4,-78;,24:de:c6:e5:4c:01,-59;,24:de:c6:e5:4c:00,-59;,24:de:c6:e5:4c:03,-59;,24:de:c6:e5:4c:04,-59;,24:de:c6:e5:4c:02,-59;,,80ec3f676e17debf
1497865175442,24:de:c6:e5:4c:11,-78;,24:de:c6:e5:4b:e3,-78;,24:de:c6:e5:4b:e0,-78;,24:de:c6:e5:4b:e1,-78;,24:de:c6:e5:4b:e2,-78;,24:de:c6:e5:4b:e4,-78;,24:de:c6:e5:4c:01,-59;,24:de:c6:e5:4c:00,-59;,24:de:c6:e5:4c:03,-59;,24:de:c6:e5:4c:04,-59;,24:de:c6:e5:4c:02,-59;,,80ec3f676e17debf
1497865175754,24:de:c6:e5:4c:11,-78;,24:de:c6:e5:4b:e3,-78;,24:de:c6:e5:4b:e0,-78;,24:de:c6:e5:4b:e1,-78;,24:de:c6:e5:4b:e2,-78;,24:de:c6:e5:4b:e4,-78;,24:de:c6:e5:4c:01,-59;,24:de:c6:e5:4c:00,-59;,24:de:c6:e5:4c:03,-59;,24:de:c6:e5:4c:04,-59;,24:de:c6:e5:4c:02,-59;,,80ec3f676e17debf
1497865176054,24:de:c6:e5:4c:11,-78;,24:de:c6:e5:4b:e3,-78;,24:de:c6:e5:4b:e0,-78;,24:de:c6:e5:4b:e1,-78;,24:de:c6:e5:4b:e2,-78;,24:de:c6:e5:4b:e4,-78;,24:de:c6:e5:4c:01,-59;,24:de:c6:e5:4c:00,-59;,24:de:c6:e5:4c:03,-59;,24:de:c6:e5:4c:04,-59;,24:de:c6:e5:4c:02,-59;,,80ec3f676e17debf
1497865176345,24:de:c6:e5:4c:11,-78;,24:de:c6:e5:4b:e3,-78;,24:de:c6:e5:4b:e0,-78;,24:de:c6:e5:4b:e1,-78;,24:de:c6:e5:4b:e2,-78;,24:de:c6:e5:4b:e4,-78;,24:de:c6:e5:4c:01,-59;,24:de:c6:e5:4c:00,-59;,24:de:c6:e5:4c:03,-59;,24:de:c6:e5:4c:04,-59;,24:de:c6:e5:4c:02,-59;,,80ec3f676e17debf
1497865176650,24:de:c6:e5:4c:11,-78;,24:de:c6:e5:4b:e3,-78;,24:de:c6:e5:4b:e0,-78;,24:de:c6:e5:4b:e1,-78;,24:de:c6:e5:4b:e2,-78;,24:de:c6:e5:4b:e4,-78;,24:de:c6:e5:4c:01,-59;,24:de:c6:e5:4c:00,-59;,24:de:c6:e5:4c:03,-59;,24:de:c6:e5:4c:04,-59;,24:de:c6:e5:4c:02,-59;,,80ec3f676e17debf
1497865176953,24:de:c6:e5:4c:11,-78;,24:de:c6:e5:4b:e3,-78;,24:de:c6:e5:4b:e0,-78;,24:de:c6:e5:4b:e1,-78;,24:de:c6:e5:4b:e2,-78;,24:de:c6:e5:4b:e4,-78;,24:de:c6:e5:4c:01,-59;,24:de:c6:e5:4c:00,-59;,24:de:c6:e5:4c:03,-59;,24:de:c6:e5:4c:04,-59;,24:de:c6:e5:4c:02,-59;,,80ec3f676e17debf
1497865177262,24:de:c6:e5:4c:11,-78;,24:de:c6:e5:4b:e3,-78;,24:de:c6:e5:4b:e0,-78;,24:de:c6:e5:4b:e1,-78;,24:de:c6:e5:4b:e2,-78;,24:de:c6:e5:4b:e4,-78;,24:de:c6:e5:4c:01,-59;,24:de:c6:e5:4c:00,-59;,24:de:c6:e5:4c:03,-59;,24:de:c6:e5:4c:04,-59;,24:de:c6:e5:4c:02,-59;,,80ec3f676e17debf
1497865177549,24:de:c6:e5:4c:11,-78;,24:de:c6:e5:4b:e3,-78;,24:de:c6:e5:4b:e0,-78;,24:de:c6:e5:4b:e1,-78;,24:de:c6:e5:4b:e2,-78;,24:de:c6:e5:4b:e4,-78;,24:de:c6:e5:4c:01,-59;,24:de:c6:e5:4c:00,-59;,24:de:c6:e5:4c:03,-59;,24:de:c6:e5:4c:04,-59;,24:de:c6:e5:4c:02,-59;,,80ec3f676e17debf
1497865177884,24:de:c6:e5:4c:11,-78;,24:de:c6:e5:4b:e3,-78;,24:de:c6:e5:4b:e0,-78;,24:de:c6:e5:4b:e1,-78;,24:de:c6:e5:4b:e2,-78;,24:de:c6:e5:4b:e4,-78;,24:de:c6:e5:4c:01,-59;,24:de:c6:e5:4c:00,-59;,24:de:c6:e5:4c:03,-59;,24:de:c6:e5:4c:04,-59;,24:de:c6:e5:4c:02,-59;,,80ec3f676e17debf
1497865178612,24:de:c6:e5:4c:11,-78;,24:de:c6:e5:4b:e3,-78;,24:de:c6:e5:4b:e0,-78;,24:de:c6:e5:4b:e1,-78;,24:de:c6:e5:4b:e2,-78;,24:de:c6:e5:4b:e4,-78;,24:de:c6:e5:4c:01,-59;,24:de:c6:e5:4c:00,-59;,24:de:c6:e5:4c:03,-59;,24:de:c6:e5:4c:04,-59;,24:de:c6:e5:4c:02,-59;,,80ec3f676e17debf
1497865178758,24:de:c6:e5:4c:11,-78;,24:de:c6:e5:4b:e3,-78;,24:de:c6:e5:4b:e0,-78;,24:de:c6:e5:4b:e1,-78;,24:de:c6:e5:4b:e2,-78;,24:de:c6:e5:4b:e4,-78;,24:de:c6:e5:4c:01,-59;,24:de:c6:e5:4c:00,-59;,24:de:c6:e5:4c:03,-59;,24:de:c6:e5:4c:04,-59;,24:de:c6:e5:4c:02,-59;,,80ec3f676e17debf
1497865179075,24:de:c6:e5:4c:11,-78;,24:de:c6:e5:4b:e3,-77;,24:de:c6:e5:4b:e0,-77;,24:de:c6:e5:4b:e1,-77;,24:de:c6:e5:4b:e2,-77;,24:de:c6:e5:4b:e4,-77;,24:de:c6:e5:4c:01,-61;,24:de:c6:e5:4c:00,-61;,24:de:c6:e5:4c:03,-61;,24:de:c6:e5:4c:04,-61;,24:de:c6:e5:4c:02,-61;,,80ec3f676e17debf
1497865179348,24:de:c6:e5:4c:11,-78;,24:de:c6:e5:4b:e3,-77;,24:de:c6:e5:4b:e0,-77;,24:de:c6:e5:4b:e1,-77;,24:de:c6:e5:4b:e2,-77;,24:de:c6:e5:4b:e4,-77;,24:de:c6:e5:4c:01,-61;,24:de:c6:e5:4c:00,-61;,24:de:c6:e5:4c:03,-61;,24:de:c6:e5:4c:04,-61;,24:de:c6:e5:4c:02,-61;,,80ec3f676e17debf
1497865179662,24:de:c6:e5:4c:11,-78;,24:de:c6:e5:4b:e3,-77;,24:de:c6:e5:4b:e0,-77;,24:de:c6:e5:4b:e1,-77;,24:de:c6:e5:4b:e2,-77;,24:de:c6:e5:4b:e4,-77;,24:de:c6:e5:4c:01,-61;,24:de:c6:e5:4c:00,-61;,24:de:c6:e5:4c:03,-61;,24:de:c6:e5:4c:04,-61;,24:de:c6:e5:4c:02,-61;,,80ec3f676e17debf
1497865179946,24:de:c6:e5:4c:11,-78;,24:de:c6:e5:4b:e3,-77;,24:de:c6:e5:4b:e0,-77;,24:de:c6:e5:4b:e1,-77;,24:de:c6:e5:4b:e2,-77;,24:de:c6:e5:4b:e4,-77;,24:de:c6:e5:4c:01,-61;,24:de:c6:e5:4c:00,-61;,24:de:c6:e5:4c:03,-61;,24:de:c6:e5:4c:04,-61;,24:de:c6:e5:4c:02,-61;,,80ec3f676e17debf
1497865180237,24:de:c6:e5:4c:11,-78;,24:de:c6:e5:4b:e3,-77;,24:de:c6:e5:4b:e0,-77;,24:de:c6:e5:4b:e1,-77;,24:de:c6:e5:4b:e2,-77;,24:de:c6:e5:4b:e4,-77;,24:de:c6:e5:4c:01,-61;,24:de:c6:e5:4c:00,-61;,24:de:c6:e5:4c:03,-61;,24:de:c6:e5:4c:04,-61;,24:de:c6:e5:4c:02,-61;,,80ec3f676e17debf
1497865180536,24:de:c6:e5:4c:11,-78;,24:de:c6:e5:4b:e3,-77;,24:de:c6:e5:4b:e0,-77;,24:de:c6:e5:4b:e1,-77;,24:de:c6:e5:4b:e2,-77;,24:de:c6:e5:4b:e4,-77;,24:de:c6:e5:4c:01,-61;,24:de:c6:e5:4c:00,-61;,24:de:c6:e5:4c:03,-61;,24:de:c6:e5:4c:04,-61;,24:de:c6:e5:4c:02,-61;,,80ec3f676e17debf
1497865180845,24:de:c6:e5:4c:11,-78;,24:de:c6:e5:4b:e3,-77;,24:de:c6:e5:4b:e0,-77;,24:de:c6:e5:4b:e1,-77;,24:de:c6:e5:4b:e2,-77;,24:de:c6:e5:4b:e4,-77;,24:de:c6:e5:4c:01,-61;,24:de:c6:e5:4c:00,-61;,24:de:c6:e5:4c:03,-61;,24:de:c6:e5:4c:04,-61;,24:de:c6:e5:4c:02,-61;,,80ec3f676e17debf
1497865181148,24:de:c6:e5:4c:11,-78;,24:de:c6:e5:4b:e3,-77;,24:de:c6:e5:4b:e0,-77;,24:de:c6:e5:4b:e1,-77;,24:de:c6:e5:4b:e2,-77;,24:de:c6:e5:4b:e4,-77;,24:de:c6:e5:4c:01,-61;,24:de:c6:e5:4c:00,-61;,24:de:c6:e5:4c:03,-61;,24:de:c6:e5:4c:04,-61;,24:de:c6:e5:4c:02,-61;,,80ec3f676e17debf
1497865181458,24:de:c6:e5:4c:11,-78;,24:de:c6:e5:4b:e3,-77;,24:de:c6:e5:4b:e0,-77;,24:de:c6:e5:4b:e1,-77;,24:de:c6:e5:4b:e2,-77;,24:de:c6:e5:4b:e4,-77;,24:de:c6:e5:4c:01,-61;,24:de:c6:e5:4c:00,-61;,24:de:c6:e5:4c:03,-61;,24:de:c6:e5:4c:04,-61;,24:de:c6:e5:4c:02,-61;,,80ec3f676e17debf
1497865181749,24:de:c6:e5:4c:11,-78;,24:de:c6:e5:4b:e3,-77;,24:de:c6:e5:4b:e0,-77;,24:de:c6:e5:4b:e1,-77;,24:de:c6:e5:4b:e2,-77;,24:de:c6:e5:4b:e4,-77;,24:de:c6:e5:4c:01,-61;,24:de:c6:e5:4c:00,-61;,24:de:c6:e5:4c:03,-61;,24:de:c6:e5:4c:04,-61;,24:de:c6:e5:4c:02,-61;,,80ec3f676e17debf
1497865182036,24:de:c6:e5:4c:11,-78;,24:de:c6:e5:4b:e3,-77;,24:de:c6:e5:4b:e0,-77;,24:de:c6:e5:4b:e1,-77;,24:de:c6:e5:4b:e2,-77;,24:de:c6:e5:4b:e4,-77;,24:de:c6:e5:4c:01,-61;,24:de:c6:e5:4c:00,-61;,24:de:c6:e5:4c:03,-61;,24:de:c6:e5:4c:04,-61;,24:de:c6:e5:4c:02,-61;,,80ec3f676e17debf
1497865182336,24:de:c6:e5:4c:11,-78;,24:de:c6:e5:4b:e3,-77;,24:de:c6:e5:4b:e0,-77;,24:de:c6:e5:4b:e1,-77;,24:de:c6:e5:4b:e2,-77;,24:de:c6:e5:4b:e4,-77;,24:de:c6:e5:4c:01,-61;,24:de:c6:e5:4c:00,-61;,24:de:c6:e5:4c:03,-61;,24:de:c6:e5:4c:04,-61;,24:de:c6:e5:4c:02,-61;,,80ec3f676e17debf
1497865182654,24:de:c6:e5:4c:11,-78;,24:de:c6:e5:4b:e3,-77;,24:de:c6:e5:4b:e0,-77;,24:de:c6:e5:4b:e1,-77;,24:de:c6:e5:4b:e2,-77;,24:de:c6:e5:4b:e4,-77;,24:de:c6:e5:4c:01,-61;,24:de:c6:e5:4c:00,-61;,24:de:c6:e5:4c:03,-61;,24:de:c6:e5:4c:04,-61;,24:de:c6:e5:4c:02,-61;,,80ec3f676e17debf
1497865182966,24:de:c6:e5:4c:11,-78;,24:de:c6:e5:4b:e3,-77;,24:de:c6:e5:4b:e0,-77;,24:de:c6:e5:4b:e1,-77;,24:de:c6:e5:4b:e2,-77;,24:de:c6:e5:4b:e4,-77;,24:de:c6:e5:4c:01,-61;,24:de:c6:e5:4c:00,-61;,24:de:c6:e5:4c:03,-61;,24:de:c6:e5:4c:04,-61;,24:de:c6:e5:4c:02,-61;,,80ec3f676e17debf
1497865183243,24:de:c6:e5:4c:11,-78;,24:de:c6:e5:4b:e3,-77;,24:de:c6:e5:4b:e0,-77;,24:de:c6:e5:4b:e1,-77;,24:de:c6:e5:4b:e2,-77;,24:de:c6:e5:4b:e4,-77;,24:de:c6:e5:4c:01,-61;,24:de:c6:e5:4c:00,-61;,24:de:c6:e5:4c:03,-61;,24:de:c6:e5:4c:04,-61;,24:de:c6:e5:4c:02,-61;,,80ec3f676e17debf
1497865183538,24:de:c6:e5:4c:11,-78;,24:de:c6:e5:4b:e3,-77;,24:de:c6:e5:4b:e0,-77;,24:de:c6:e5:4b:e1,-77;,24:de:c6:e5:4b:e2,-77;,24:de:c6:e5:4b:e4,-77;,24:de:c6:e5:4c:01,-61;,24:de:c6:e5:4c:00,-61;,24:de:c6:e5:4c:03,-61;,24:de:c6:e5:4c:04,-61;,24:de:c6:e5:4c:02,-61;,,80ec3f676e17debf
1497865183862,24:de:c6:e5:4c:11,-78;,24:de:c6:e5:4b:e3,-77;,24:de:c6:e5:4b:e0,-77;,24:de:c6:e5:4b:e1,-77;,24:de:c6:e5:4b:e2,-77;,24:de:c6:e5:4b:e4,-77;,24:de:c6:e5:4c:01,-61;,24:de:c6:e5:4c:00,-61;,24:de:c6:e5:4c:03,-61;,24:de:c6:e5:4c:04,-61;,24:de:c6:e5:4c:02,-61;,,80ec3f676e17debf
1497865184140,24:de:c6:e5:4c:11,-78;,24:de:c6:e5:4b:e3,-72;,24:de:c6:e5:4b:e0,-71;,24:de:c6:e5:4b:e1,-72;,24:de:c6:e5:4b:e2,-71;,24:de:c6:e5:4b:e4,-72;,24:de:c6:e5:4c:01,-53;,24:de:c6:e5:4c:00,-54;,24:de:c6:e5:4c:03,-53;,24:de:c6:e5:4c:04,-53;,24:de:c6:e5:4c:02,-53;,,80ec3f676e17debf
1497865184442,24:de:c6:e5:4c:11,-78;,24:de:c6:e5:4b:e3,-72;,24:de:c6:e5:4b:e0,-71;,24:de:c6:e5:4b:e1,-72;,24:de:c6:e5:4b:e2,-71;,24:de:c6:e5:4b:e4,-72;,24:de:c6:e5:4c:01,-53;,24:de:c6:e5:4c:00,-54;,24:de:c6:e5:4c:03,-53;,24:de:c6:e5:4c:04,-53;,24:de:c6:e5:4c:02,-53;,,80ec3f676e17debf
1497865184754,24:de:c6:e5:4c:11,-78;,24:de:c6:e5:4b:e3,-72;,24:de:c6:e5:4b:e0,-71;,24:de:c6:e5:4b:e1,-72;,24:de:c6:e5:4b:e2,-71;,24:de:c6:e5:4b:e4,-72;,24:de:c6:e5:4c:01,-53;,24:de:c6:e5:4c:00,-54;,24:de:c6:e5:4c:03,-53;,24:de:c6:e5:4c:04,-53;,24:de:c6:e5:4c:02,-53;,,80ec3f676e17debf
1497865185051,24:de:c6:e5:4c:11,-78;,24:de:c6:e5:4b:e3,-72;,24:de:c6:e5:4b:e0,-71;,24:de:c6:e5:4b:e1,-72;,24:de:c6:e5:4b:e2,-71;,24:de:c6:e5:4b:e4,-72;,24:de:c6:e5:4c:01,-53;,24:de:c6:e5:4c:00,-54;,24:de:c6:e5:4c:03,-53;,24:de:c6:e5:4c:04,-53;,24:de:c6:e5:4c:02,-53;,,80ec3f676e17debf
1497865185349,24:de:c6:e5:4c:11,-78;,24:de:c6:e5:4b:e3,-72;,24:de:c6:e5:4b:e0,-71;,24:de:c6:e5:4b:e1,-72;,24:de:c6:e5:4b:e2,-71;,24:de:c6:e5:4b:e4,-72;,24:de:c6:e5:4c:01,-53;,24:de:c6:e5:4c:00,-54;,24:de:c6:e5:4c:03,-53;,24:de:c6:e5:4c:04,-53;,24:de:c6:e5:4c:02,-53;,,80ec3f676e17debf
1497865185647,24:de:c6:e5:4c:11,-78;,24:de:c6:e5:4b:e3,-72;,24:de:c6:e5:4b:e0,-71;,24:de:c6:e5:4b:e1,-72;,24:de:c6:e5:4b:e2,-71;,24:de:c6:e5:4b:e4,-72;,24:de:c6:e5:4c:01,-53;,24:de:c6:e5:4c:00,-54;,24:de:c6:e5:4c:03,-53;,24:de:c6:e5:4c:04,-53;,24:de:c6:e5:4c:02,-53;,,80ec3f676e17debf
1497865185948,24:de:c6:e5:4c:11,-78;,24:de:c6:e5:4b:e3,-72;,24:de:c6:e5:4b:e0,-71;,24:de:c6:e5:4b:e1,-72;,24:de:c6:e5:4b:e2,-71;,24:de:c6:e5:4b:e4,-72;,24:de:c6:e5:4c:01,-53;,24:de:c6:e5:4c:00,-54;,24:de:c6:e5:4c:03,-53;,24:de:c6:e5:4c:04,-53;,24:de:c6:e5:4c:02,-53;,,80ec3f676e17debf
1497865186264,24:de:c6:e5:4c:11,-78;,24:de:c6:e5:4b:e3,-72;,24:de:c6:e5:4b:e0,-71;,24:de:c6:e5:4b:e1,-72;,24:de:c6:e5:4b:e2,-71;,24:de:c6:e5:4b:e4,-72;,24:de:c6:e5:4c:01,-53;,24:de:c6:e5:4c:00,-54;,24:de:c6:e5:4c:03,-53;,24:de:c6:e5:4c:04,-53;,24:de:c6:e5:4c:02,-53;,,80ec3f676e17debf
1497865186546,24:de:c6:e5:4c:11,-78;,24:de:c6:e5:4b:e3,-72;,24:de:c6:e5:4b:e0,-71;,24:de:c6:e5:4b:e1,-72;,24:de:c6:e5:4b:e2,-71;,24:de:c6:e5:4b:e4,-72;,24:de:c6:e5:4c:01,-53;,24:de:c6:e5:4c:00,-54;,24:de:c6:e5:4c:03,-53;,24:de:c6:e5:4c:04,-53;,24:de:c6:e5:4c:02,-53;,,80ec3f676e17debf
1497865186848,24:de:c6:e5:4c:11,-78;,24:de:c6:e5:4b:e3,-72;,24:de:c6:e5:4b:e0,-71;,24:de:c6:e5:4b:e1,-72;,24:de:c6:e5:4b:e2,-71;,24:de:c6:e5:4b:e4,-72;,24:de:c6:e5:4c:01,-53;,24:de:c6:e5:4c:00,-54;,24:de:c6:e5:4c:03,-53;,24:de:c6:e5:4c:04,-53;,24:de:c6:e5:4c:02,-53;,,80ec3f676e17debf
1497865187174,24:de:c6:e5:4c:11,-78;,24:de:c6:e5:4b:e3,-72;,24:de:c6:e5:4b:e0,-71;,24:de:c6:e5:4b:e1,-72;,24:de:c6:e5:4b:e2,-71;,24:de:c6:e5:4b:e4,-72;,24:de:c6:e5:4c:01,-53;,24:de:c6:e5:4c:00,-54;,24:de:c6:e5:4c:03,-53;,24:de:c6:e5:4c:04,-53;,24:de:c6:e5:4c:02,-53;,,80ec3f676e17debf
1497865187449,24:de:c6:e5:4c:11,-78;,24:de:c6:e5:4b:e3,-72;,24:de:c6:e5:4b:e0,-71;,24:de:c6:e5:4b:e1,-72;,24:de:c6:e5:4b:e2,-71;,24:de:c6:e5:4b:e4,-72;,24:de:c6:e5:4c:01,-53;,24:de:c6:e5:4c:00,-54;,24:de:c6:e5:4c:03,-53;,24:de:c6:e5:4c:04,-53;,24:de:c6:e5:4c:02,-53;,,80ec3f676e17debf
1497865187746,24:de:c6:e5:4c:11,-78;,24:de:c6:e5:4b:e3,-72;,24:de:c6:e5:4b:e0,-71;,24:de:c6:e5:4b:e1,-72;,24:de:c6:e5:4b:e2,-71;,24:de:c6:e5:4b:e4,-72;,24:de:c6:e5:4c:01,-53;,24:de:c6:e5:4c:00,-54;,24:de:c6:e5:4c:03,-53;,24:de:c6:e5:4c:04,-53;,24:de:c6:e5:4c:02,-53;,,80ec3f676e17debf
1497865188052,24:de:c6:e5:4c:11,-78;,24:de:c6:e5:4b:e3,-72;,24:de:c6:e5:4b:e0,-71;,24:de:c6:e5:4b:e1,-72;,24:de:c6:e5:4b:e2,-71;,24:de:c6:e5:4b:e4,-72;,24:de:c6:e5:4c:01,-53;,24:de:c6:e5:4c:00,-54;,24:de:c6:e5:4c:03,-53;,24:de:c6:e5:4c:04,-53;,24:de:c6:e5:4c:02,-53;,,80ec3f676e17debf
1497865188351,24:de:c6:e5:4c:11,-78;,24:de:c6:e5:4b:e3,-72;,24:de:c6:e5:4b:e0,-71;,24:de:c6:e5:4b:e1,-72;,24:de:c6:e5:4b:e2,-71;,24:de:c6:e5:4b:e4,-72;,24:de:c6:e5:4c:01,-53;,24:de:c6:e5:4c:00,-54;,24:de:c6:e5:4c:03,-53;,24:de:c6:e5:4c:04,-53;,24:de:c6:e5:4c:02,-53;,,80ec3f676e17debf
1497865188653,24:de:c6:e5:4c:11,-78;,24:de:c6:e5:4b:e3,-72;,24:de:c6:e5:4b:e0,-71;,24:de:c6:e5:4b:e1,-72;,24:de:c6:e5:4b:e2,-71;,24:de:c6:e5:4b:e4,-72;,24:de:c6:e5:4c:01,-53;,24:de:c6:e5:4c:00,-54;,24:de:c6:e5:4c:03,-53;,24:de:c6:e5:4c:04,-53;,24:de:c6:e5:4c:02,-53;,,80ec3f676e17debf
1497865188951,24:de:c6:e5:4c:11,-78;,24:de:c6:e5:4b:e3,-72;,24:de:c6:e5:4b:e0,-71;,24:de:c6:e5:4b:e1,-72;,24:de:c6:e5:4b:e2,-71;,24:de:c6:e5:4b:e4,-72;,24:de:c6:e5:4c:01,-53;,24:de:c6:e5:4c:00,-54;,24:de:c6:e5:4c:03,-53;,24:de:c6:e5:4c:04,-53;,24:de:c6:e5:4c:02,-53;,,80ec3f676e17debf
1497865189292,24:de:c6:e5:4c:11,-78;,24:de:c6:e5:4b:e3,-74;,24:de:c6:e5:4b:e0,-74;,24:de:c6:e5:4b:e1,-74;,24:de:c6:e5:4b:e2,-74;,24:de:c6:e5:4b:e4,-74;,24:de:c6:e5:4c:01,-60;,24:de:c6:e5:4c:00,-60;,24:de:c6:e5:4c:03,-60;,24:de:c6:e5:4c:04,-60;,24:de:c6:e5:4c:02,-60;,,80ec3f676e17debf
1497865189535,24:de:c6:e5:4c:11,-78;,24:de:c6:e5:4b:e3,-74;,24:de:c6:e5:4b:e0,-74;,24:de:c6:e5:4b:e1,-74;,24:de:c6:e5:4b:e2,-74;,24:de:c6:e5:4b:e4,-74;,24:de:c6:e5:4c:01,-60;,24:de:c6:e5:4c:00,-60;,24:de:c6:e5:4c:03,-60;,24:de:c6:e5:4c:04,-60;,24:de:c6:e5:4c:02,-60;,,80ec3f676e17debf
1497865189831,24:de:c6:e5:4c:11,-78;,24:de:c6:e5:4b:e3,-74;,24:de:c6:e5:4b:e0,-74;,24:de:c6:e5:4b:e1,-74;,24:de:c6:e5:4b:e2,-74;,24:de:c6:e5:4b:e4,-74;,24:de:c6:e5:4c:01,-60;,24:de:c6:e5:4c:00,-60;,24:de:c6:e5:4c:03,-60;,24:de:c6:e5:4c:04,-60;,24:de:c6:e5:4c:02,-60;,,80ec3f676e17debf
1497865190137,24:de:c6:e5:4c:11,-78;,24:de:c6:e5:4b:e3,-74;,24:de:c6:e5:4b:e0,-74;,24:de:c6:e5:4b:e1,-74;,24:de:c6:e5:4b:e2,-74;,24:de:c6:e5:4b:e4,-74;,24:de:c6:e5:4c:01,-60;,24:de:c6:e5:4c:00,-60;,24:de:c6:e5:4c:03,-60;,24:de:c6:e5:4c:04,-60;,24:de:c6:e5:4c:02,-60;,,80ec3f676e17debf
1497865190457,24:de:c6:e5:4c:11,-78;,24:de:c6:e5:4b:e3,-74;,24:de:c6:e5:4b:e0,-74;,24:de:c6:e5:4b:e1,-74;,24:de:c6:e5:4b:e2,-74;,24:de:c6:e5:4b:e4,-74;,24:de:c6:e5:4c:01,-60;,24:de:c6:e5:4c:00,-60;,24:de:c6:e5:4c:03,-60;,24:de:c6:e5:4c:04,-60;,24:de:c6:e5:4c:02,-60;,,80ec3f676e17debf
1497865190736,24:de:c6:e5:4c:11,-78;,24:de:c6:e5:4b:e3,-74;,24:de:c6:e5:4b:e0,-74;,24:de:c6:e5:4b:e1,-74;,24:de:c6:e5:4b:e2,-74;,24:de:c6:e5:4b:e4,-74;,24:de:c6:e5:4c:01,-60;,24:de:c6:e5:4c:00,-60;,24:de:c6:e5:4c:03,-60;,24:de:c6:e5:4c:04,-60;,24:de:c6:e5:4c:02,-60;,,80ec3f676e17debf
1497865191034,24:de:c6:e5:4c:11,-78;,24:de:c6:e5:4b:e3,-74;,24:de:c6:e5:4b:e0,-74;,24:de:c6:e5:4b:e1,-74;,24:de:c6:e5:4b:e2,-74;,24:de:c6:e5:4b:e4,-74;,24:de:c6:e5:4c:01,-60;,24:de:c6:e5:4c:00,-60;,24:de:c6:e5:4c:03,-60;,24:de:c6:e5:4c:04,-60;,24:de:c6:e5:4c:02,-60;,,80ec3f676e17debf
1497865191346,24:de:c6:e5:4c:11,-78;,24:de:c6:e5:4b:e3,-74;,24:de:c6:e5:4b:e0,-74;,24:de:c6:e5:4b:e1,-74;,24:de:c6:e5:4b:e2,-74;,24:de:c6:e5:4b:e4,-74;,24:de:c6:e5:4c:01,-60;,24:de:c6:e5:4c:00,-60;,24:de:c6:e5:4c:03,-60;,24:de:c6:e5:4c:04,-60;,24:de:c6:e5:4c:02,-60;,,80ec3f676e17debf
1497865191650,24:de:c6:e5:4c:11,-78;,24:de:c6:e5:4b:e3,-74;,24:de:c6:e5:4b:e0,-74;,24:de:c6:e5:4b:e1,-74;,24:de:c6:e5:4b:e2,-74;,24:de:c6:e5:4b:e4,-74;,24:de:c6:e5:4c:01,-60;,24:de:c6:e5:4c:00,-60;,24:de:c6:e5:4c:03,-60;,24:de:c6:e5:4c:04,-60;,24:de:c6:e5:4c:02,-60;,,80ec3f676e17debf
1497865191942,24:de:c6:e5:4c:11,-78;,24:de:c6:e5:4b:e3,-74;,24:de:c6:e5:4b:e0,-74;,24:de:c6:e5:4b:e1,-74;,24:de:c6:e5:4b:e2,-74;,24:de:c6:e5:4b:e4,-74;,24:de:c6:e5:4c:01,-60;,24:de:c6:e5:4c:00,-60;,24:de:c6:e5:4c:03,-60;,24:de:c6:e5:4c:04,-60;,24:de:c6:e5:4c:02,-60;,,80ec3f676e17debf
1497865192283,24:de:c6:e5:4c:11,-78;,24:de:c6:e5:4b:e3,-74;,24:de:c6:e5:4b:e0,-74;,24:de:c6:e5:4b:e1,-74;,24:de:c6:e5:4b:e2,-74;,24:de:c6:e5:4b:e4,-74;,24:de:c6:e5:4c:01,-60;,24:de:c6:e5:4c:00,-60;,24:de:c6:e5:4c:03,-60;,24:de:c6:e5:4c:04,-60;,24:de:c6:e5:4c:02,-60;,,80ec3f676e17debf
1497865192858,24:de:c6:e5:4c:11,-78;,24:de:c6:e5:4b:e3,-74;,24:de:c6:e5:4b:e0,-74;,24:de:c6:e5:4b:e1,-74;,24:de:c6:e5:4b:e2,-74;,24:de:c6:e5:4b:e4,-74;,24:de:c6:e5:4c:01,-60;,24:de:c6:e5:4c:00,-60;,24:de:c6:e5:4c:03,-60;,24:de:c6:e5:4c:04,-60;,24:de:c6:e5:4c:02,-60;,,80ec3f676e17debf
1497865193150,24:de:c6:e5:4c:11,-78;,24:de:c6:e5:4b:e3,-74;,24:de:c6:e5:4b:e0,-74;,24:de:c6:e5:4b:e1,-74;,24:de:c6:e5:4b:e2,-74;,24:de:c6:e5:4b:e4,-74;,24:de:c6:e5:4c:01,-60;,24:de:c6:e5:4c:00,-60;,24:de:c6:e5:4c:03,-60;,24:de:c6:e5:4c:04,-60;,24:de:c6:e5:4c:02,-60;,,80ec3f676e17debf
1497865193470,24:de:c6:e5:4c:11,-78;,24:de:c6:e5:4b:e3,-74;,24:de:c6:e5:4b:e0,-74;,24:de:c6:e5:4b:e1,-74;,24:de:c6:e5:4b:e2,-74;,24:de:c6:e5:4b:e4,-74;,24:de:c6:e5:4c:01,-60;,24:de:c6:e5:4c:00,-60;,24:de:c6:e5:4c:03,-60;,24:de:c6:e5:4c:04,-60;,24:de:c6:e5:4c:02,-60;,,80ec3f676e17debf
1497865193746,24:de:c6:e5:4c:11,-78;,24:de:c6:e5:4b:e3,-74;,24:de:c6:e5:4b:e0,-74;,24:de:c6:e5:4b:e1,-74;,24:de:c6:e5:4b:e2,-74;,24:de:c6:e5:4b:e4,-74;,24:de:c6:e5:4c:01,-60;,24:de:c6:e5:4c:00,-60;,24:de:c6:e5:4c:03,-60;,24:de:c6:e5:4c:04,-60;,24:de:c6:e5:4c:02,-60;,,80ec3f676e17debf
1497865194051,24:de:c6:e5:4c:11,-78;,24:de:c6:e5:4b:e3,-72;,24:de:c6:e5:4b:e0,-71;,24:de:c6:e5:4b:e1,-72;,24:de:c6:e5:4b:e2,-72;,24:de:c6:e5:4b:e4,-72;,24:de:c6:e5:4c:01,-62;,24:de:c6:e5:4c:00,-62;,24:de:c6:e5:4c:03,-62;,24:de:c6:e5:4c:04,-62;,24:de:c6:e5:4c:02,-62;,,80ec3f676e17debf
1497865194343,24:de:c6:e5:4c:11,-78;,24:de:c6:e5:4b:e3,-72;,24:de:c6:e5:4b:e0,-71;,24:de:c6:e5:4b:e1,-72;,24:de:c6:e5:4b:e2,-72;,24:de:c6:e5:4b:e4,-72;,24:de:c6:e5:4c:01,-62;,24:de:c6:e5:4c:00,-62;,24:de:c6:e5:4c:03,-62;,24:de:c6:e5:4c:04,-62;,24:de:c6:e5:4c:02,-62;,,80ec3f676e17debf
1497865194691,24:de:c6:e5:4c:11,-78;,24:de:c6:e5:4b:e3,-72;,24:de:c6:e5:4b:e0,-71;,24:de:c6:e5:4b:e1,-72;,24:de:c6:e5:4b:e2,-72;,24:de:c6:e5:4b:e4,-72;,24:de:c6:e5:4c:01,-62;,24:de:c6:e5:4c:00,-62;,24:de:c6:e5:4c:03,-62;,24:de:c6:e5:4c:04,-62;,24:de:c6:e5:4c:02,-62;,,80ec3f676e17debf
1497865194940,24:de:c6:e5:4c:11,-78;,24:de:c6:e5:4b:e3,-72;,24:de:c6:e5:4b:e0,-71;,24:de:c6:e5:4b:e1,-72;,24:de:c6:e5:4b:e2,-72;,24:de:c6:e5:4b:e4,-72;,24:de:c6:e5:4c:01,-62;,24:de:c6:e5:4c:00,-62;,24:de:c6:e5:4c:03,-62;,24:de:c6:e5:4c:04,-62;,24:de:c6:e5:4c:02,-62;,,80ec3f676e17debf
1497865195244,24:de:c6:e5:4c:11,-78;,24:de:c6:e5:4b:e3,-72;,24:de:c6:e5:4b:e0,-71;,24:de:c6:e5:4b:e1,-72;,24:de:c6:e5:4b:e2,-72;,24:de:c6:e5:4b:e4,-72;,24:de:c6:e5:4c:01,-62;,24:de:c6:e5:4c:00,-62;,24:de:c6:e5:4c:03,-62;,24:de:c6:e5:4c:04,-62;,24:de:c6:e5:4c:02,-62;,,80ec3f676e17debf
1497865195540,24:de:c6:e5:4c:11,-78;,24:de:c6:e5:4b:e3,-72;,24:de:c6:e5:4b:e0,-71;,24:de:c6:e5:4b:e1,-72;,24:de:c6:e5:4b:e2,-72;,24:de:c6:e5:4b:e4,-72;,24:de:c6:e5:4c:01,-62;,24:de:c6:e5:4c:00,-62;,24:de:c6:e5:4c:03,-62;,24:de:c6:e5:4c:04,-62;,24:de:c6:e5:4c:02,-62;,,80ec3f676e17debf
1497865195843,24:de:c6:e5:4c:11,-78;,24:de:c6:e5:4b:e3,-72;,24:de:c6:e5:4b:e0,-71;,24:de:c6:e5:4b:e1,-72;,24:de:c6:e5:4b:e2,-72;,24:de:c6:e5:4b:e4,-72;,24:de:c6:e5:4c:01,-62;,24:de:c6:e5:4c:00,-62;,24:de:c6:e5:4c:03,-62;,24:de:c6:e5:4c:04,-62;,24:de:c6:e5:4c:02,-62;,,80ec3f676e17debf
1497865196155,24:de:c6:e5:4c:11,-78;,24:de:c6:e5:4b:e3,-72;,24:de:c6:e5:4b:e0,-71;,24:de:c6:e5:4b:e1,-72;,24:de:c6:e5:4b:e2,-72;,24:de:c6:e5:4b:e4,-72;,24:de:c6:e5:4c:01,-62;,24:de:c6:e5:4c:00,-62;,24:de:c6:e5:4c:03,-62;,24:de:c6:e5:4c:04,-62;,24:de:c6:e5:4c:02,-62;,,80ec3f676e17debf
1497865196454,24:de:c6:e5:4c:11,-78;,24:de:c6:e5:4b:e3,-72;,24:de:c6:e5:4b:e0,-71;,24:de:c6:e5:4b:e1,-72;,24:de:c6:e5:4b:e2,-72;,24:de:c6:e5:4b:e4,-72;,24:de:c6:e5:4c:01,-62;,24:de:c6:e5:4c:00,-62;,24:de:c6:e5:4c:03,-62;,24:de:c6:e5:4c:04,-62;,24:de:c6:e5:4c:02,-62;,,80ec3f676e17debf
1497865196744,24:de:c6:e5:4c:11,-78;,24:de:c6:e5:4b:e3,-72;,24:de:c6:e5:4b:e0,-71;,24:de:c6:e5:4b:e1,-72;,24:de:c6:e5:4b:e2,-72;,24:de:c6:e5:4b:e4,-72;,24:de:c6:e5:4c:01,-62;,24:de:c6:e5:4c:00,-62;,24:de:c6:e5:4c:03,-62;,24:de:c6:e5:4c:04,-62;,24:de:c6:e5:4c:02,-62;,,80ec3f676e17debf
1497865197047,24:de:c6:e5:4c:11,-78;,24:de:c6:e5:4b:e3,-72;,24:de:c6:e5:4b:e0,-71;,24:de:c6:e5:4b:e1,-72;,24:de:c6:e5:4b:e2,-72;,24:de:c6:e5:4b:e4,-72;,24:de:c6:e5:4c:01,-62;,24:de:c6:e5:4c:00,-62;,24:de:c6:e5:4c:03,-62;,24:de:c6:e5:4c:04,-62;,24:de:c6:e5:4c:02,-62;,,80ec3f676e17debf
1497865197331,24:de:c6:e5:4c:11,-78;,24:de:c6:e5:4b:e3,-72;,24:de:c6:e5:4b:e0,-71;,24:de:c6:e5:4b:e1,-72;,24:de:c6:e5:4b:e2,-72;,24:de:c6:e5:4b:e4,-72;,24:de:c6:e5:4c:01,-62;,24:de:c6:e5:4c:00,-62;,24:de:c6:e5:4c:03,-62;,24:de:c6:e5:4c:04,-62;,24:de:c6:e5:4c:02,-62;,,80ec3f676e17debf
1497865197633,24:de:c6:e5:4c:11,-78;,24:de:c6:e5:4b:e3,-72;,24:de:c6:e5:4b:e0,-71;,24:de:c6:e5:4b:e1,-72;,24:de:c6:e5:4b:e2,-72;,24:de:c6:e5:4b:e4,-72;,24:de:c6:e5:4c:01,-62;,24:de:c6:e5:4c:00,-62;,24:de:c6:e5:4c:03,-62;,24:de:c6:e5:4c:04,-62;,24:de:c6:e5:4c:02,-62;,,80ec3f676e17debf
1497865197950,24:de:c6:e5:4c:11,-78;,24:de:c6:e5:4b:e3,-72;,24:de:c6:e5:4b:e0,-71;,24:de:c6:e5:4b:e1,-72;,24:de:c6:e5:4b:e2,-72;,24:de:c6:e5:4b:e4,-72;,24:de:c6:e5:4c:01,-62;,24:de:c6:e5:4c:00,-62;,24:de:c6:e5:4c:03,-62;,24:de:c6:e5:4c:04,-62;,24:de:c6:e5:4c:02,-62;,,80ec3f676e17debf
1497865198243,24:de:c6:e5:4c:11,-78;,24:de:c6:e5:4b:e3,-72;,24:de:c6:e5:4b:e0,-71;,24:de:c6:e5:4b:e1,-72;,24:de:c6:e5:4b:e2,-72;,24:de:c6:e5:4b:e4,-72;,24:de:c6:e5:4c:01,-62;,24:de:c6:e5:4c:00,-62;,24:de:c6:e5:4c:03,-62;,24:de:c6:e5:4c:04,-62;,24:de:c6:e5:4c:02,-62;,,80ec3f676e17debf
1497865198553,24:de:c6:e5:4c:11,-78;,24:de:c6:e5:4b:e3,-72;,24:de:c6:e5:4b:e0,-71;,24:de:c6:e5:4b:e1,-72;,24:de:c6:e5:4b:e2,-72;,24:de:c6:e5:4b:e4,-72;,24:de:c6:e5:4c:01,-62;,24:de:c6:e5:4c:00,-62;,24:de:c6:e5:4c:03,-62;,24:de:c6:e5:4c:04,-62;,24:de:c6:e5:4c:02,-62;,,80ec3f676e17debf
1497865198851,24:de:c6:e5:4c:11,-78;,24:de:c6:e5:4b:e3,-72;,24:de:c6:e5:4b:e0,-71;,24:de:c6:e5:4b:e1,-72;,24:de:c6:e5:4b:e2,-72;,24:de:c6:e5:4b:e4,-72;,24:de:c6:e5:4c:01,-62;,24:de:c6:e5:4c:00,-62;,24:de:c6:e5:4c:03,-62;,24:de:c6:e5:4c:04,-62;,24:de:c6:e5:4c:02,-62;,,80ec3f676e17debf
1497865199151,24:de:c6:e5:4c:11,-78;,24:de:c6:e5:4b:e3,-68;,24:de:c6:e5:4b:e0,-68;,24:de:c6:e5:4b:e1,-68;,24:de:c6:e5:4b:e2,-69;,24:de:c6:e5:4b:e4,-68;,24:de:c6:e5:4c:01,-69;,24:de:c6:e5:4c:00,-69;,24:de:c6:e5:4c:03,-69;,24:de:c6:e5:4c:04,-68;,24:de:c6:e5:4c:02,-69;,,80ec3f676e17debf
1497865199434,24:de:c6:e5:4c:11,-78;,24:de:c6:e5:4b:e3,-68;,24:de:c6:e5:4b:e0,-68;,24:de:c6:e5:4b:e1,-68;,24:de:c6:e5:4b:e2,-69;,24:de:c6:e5:4b:e4,-68;,24:de:c6:e5:4c:01,-69;,24:de:c6:e5:4c:00,-69;,24:de:c6:e5:4c:03,-69;,24:de:c6:e5:4c:04,-68;,24:de:c6:e5:4c:02,-69;,,80ec3f676e17debf
1497865199732,24:de:c6:e5:4c:11,-78;,24:de:c6:e5:4b:e3,-68;,24:de:c6:e5:4b:e0,-68;,24:de:c6:e5:4b:e1,-68;,24:de:c6:e5:4b:e2,-69;,24:de:c6:e5:4b:e4,-68;,24:de:c6:e5:4c:01,-69;,24:de:c6:e5:4c:00,-69;,24:de:c6:e5:4c:03,-69;,24:de:c6:e5:4c:04,-68;,24:de:c6:e5:4c:02,-69;,,80ec3f676e17debf
1497865200036,24:de:c6:e5:4c:11,-78;,24:de:c6:e5:4b:e3,-68;,24:de:c6:e5:4b:e0,-68;,24:de:c6:e5:4b:e1,-68;,24:de:c6:e5:4b:e2,-69;,24:de:c6:e5:4b:e4,-68;,24:de:c6:e5:4c:01,-69;,24:de:c6:e5:4c:00,-69;,24:de:c6:e5:4c:03,-69;,24:de:c6:e5:4c:04,-68;,24:de:c6:e5:4c:02,-69;,,80ec3f676e17debf
1497865200353,24:de:c6:e5:4c:11,-78;,24:de:c6:e5:4b:e3,-68;,24:de:c6:e5:4b:e0,-68;,24:de:c6:e5:4b:e1,-68;,24:de:c6:e5:4b:e2,-69;,24:de:c6:e5:4b:e4,-68;,24:de:c6:e5:4c:01,-69;,24:de:c6:e5:4c:00,-69;,24:de:c6:e5:4c:03,-69;,24:de:c6:e5:4c:04,-68;,24:de:c6:e5:4c:02,-69;,,80ec3f676e17debf
1497865200636,24:de:c6:e5:4c:11,-78;,24:de:c6:e5:4b:e3,-68;,24:de:c6:e5:4b:e0,-68;,24:de:c6:e5:4b:e1,-68;,24:de:c6:e5:4b:e2,-69;,24:de:c6:e5:4b:e4,-68;,24:de:c6:e5:4c:01,-69;,24:de:c6:e5:4c:00,-69;,24:de:c6:e5:4c:03,-69;,24:de:c6:e5:4c:04,-68;,24:de:c6:e5:4c:02,-69;,,80ec3f676e17debf
1497865200938,24:de:c6:e5:4c:11,-78;,24:de:c6:e5:4b:e3,-68;,24:de:c6:e5:4b:e0,-68;,24:de:c6:e5:4b:e1,-68;,24:de:c6:e5:4b:e2,-69;,24:de:c6:e5:4b:e4,-68;,24:de:c6:e5:4c:01,-69;,24:de:c6:e5:4c:00,-69;,24:de:c6:e5:4c:03,-69;,24:de:c6:e5:4c:04,-68;,24:de:c6:e5:4c:02,-69;,,80ec3f676e17debf
1497865201241,24:de:c6:e5:4c:11,-78;,24:de:c6:e5:4b:e3,-68;,24:de:c6:e5:4b:e0,-68;,24:de:c6:e5:4b:e1,-68;,24:de:c6:e5:4b:e2,-69;,24:de:c6:e5:4b:e4,-68;,24:de:c6:e5:4c:01,-69;,24:de:c6:e5:4c:00,-69;,24:de:c6:e5:4c:03,-69;,24:de:c6:e5:4c:04,-68;,24:de:c6:e5:4c:02,-69;,,80ec3f676e17debf
1497865201552,24:de:c6:e5:4c:11,-78;,24:de:c6:e5:4b:e3,-68;,24:de:c6:e5:4b:e0,-68;,24:de:c6:e5:4b:e1,-68;,24:de:c6:e5:4b:e2,-69;,24:de:c6:e5:4b:e4,-68;,24:de:c6:e5:4c:01,-69;,24:de:c6:e5:4c:00,-69;,24:de:c6:e5:4c:03,-69;,24:de:c6:e5:4c:04,-68;,24:de:c6:e5:4c:02,-69;,,80ec3f676e17debf
1497865201846,24:de:c6:e5:4c:11,-78;,24:de:c6:e5:4b:e3,-68;,24:de:c6:e5:4b:e0,-68;,24:de:c6:e5:4b:e1,-68;,24:de:c6:e5:4b:e2,-69;,24:de:c6:e5:4b:e4,-68;,24:de:c6:e5:4c:01,-69;,24:de:c6:e5:4c:00,-69;,24:de:c6:e5:4c:03,-69;,24:de:c6:e5:4c:04,-68;,24:de:c6:e5:4c:02,-69;,,80ec3f676e17debf
1497865202164,24:de:c6:e5:4c:11,-78;,24:de:c6:e5:4b:e3,-68;,24:de:c6:e5:4b:e0,-68;,24:de:c6:e5:4b:e1,-68;,24:de:c6:e5:4b:e2,-69;,24:de:c6:e5:4b:e4,-68;,24:de:c6:e5:4c:01,-69;,24:de:c6:e5:4c:00,-69;,24:de:c6:e5:4c:03,-69;,24:de:c6:e5:4c:04,-68;,24:de:c6:e5:4c:02,-69;,,80ec3f676e17debf
1497865202459,24:de:c6:e5:4c:11,-78;,24:de:c6:e5:4b:e3,-68;,24:de:c6:e5:4b:e0,-68;,24:de:c6:e5:4b:e1,-68;,24:de:c6:e5:4b:e2,-69;,24:de:c6:e5:4b:e4,-68;,24:de:c6:e5:4c:01,-69;,24:de:c6:e5:4c:00,-69;,24:de:c6:e5:4c:03,-69;,24:de:c6:e5:4c:04,-68;,24:de:c6:e5:4c:02,-69;,,80ec3f676e17debf
1497865202752,24:de:c6:e5:4c:11,-78;,24:de:c6:e5:4b:e3,-68;,24:de:c6:e5:4b:e0,-68;,24:de:c6:e5:4b:e1,-68;,24:de:c6:e5:4b:e2,-69;,24:de:c6:e5:4b:e4,-68;,24:de:c6:e5:4c:01,-69;,24:de:c6:e5:4c:00,-69;,24:de:c6:e5:4c:03,-69;,24:de:c6:e5:4c:04,-68;,24:de:c6:e5:4c:02,-69;,,80ec3f676e17debf
1497865203070,24:de:c6:e5:4c:11,-78;,24:de:c6:e5:4b:e3,-68;,24:de:c6:e5:4b:e0,-68;,24:de:c6:e5:4b:e1,-68;,24:de:c6:e5:4b:e2,-69;,24:de:c6:e5:4b:e4,-68;,24:de:c6:e5:4c:01,-69;,24:de:c6:e5:4c:00,-69;,24:de:c6:e5:4c:03,-69;,24:de:c6:e5:4c:04,-68;,24:de:c6:e5:4c:02,-69;,,80ec3f676e17debf
1497865203340,24:de:c6:e5:4c:11,-78;,24:de:c6:e5:4b:e3,-68;,24:de:c6:e5:4b:e0,-68;,24:de:c6:e5:4b:e1,-68;,24:de:c6:e5:4b:e2,-69;,24:de:c6:e5:4b:e4,-68;,24:de:c6:e5:4c:01,-69;,24:de:c6:e5:4c:00,-69;,24:de:c6:e5:4c:03,-69;,24:de:c6:e5:4c:04,-68;,24:de:c6:e5:4c:02,-69;,,80ec3f676e17debf
1497865203654,24:de:c6:e5:4c:11,-78;,24:de:c6:e5:4b:e3,-68;,24:de:c6:e5:4b:e0,-68;,24:de:c6:e5:4b:e1,-68;,24:de:c6:e5:4b:e2,-69;,24:de:c6:e5:4b:e4,-68;,24:de:c6:e5:4c:01,-69;,24:de:c6:e5:4c:00,-69;,24:de:c6:e5:4c:03,-69;,24:de:c6:e5:4c:04,-68;,24:de:c6:e5:4c:02,-69;,,80ec3f676e17debf
